Binol,Ligand
1,1001
1,1022
1,1090
1,1060
1,1112
1,1067
1,1072
1,1113
1,1002
1,1092
1,1003
1,1048
1,1025
1,1071
1,1115
1,1051
1,1118
1,1053
1,1052
1,1117
1,1116
1,1028
1,1029
1,1096
1,1069
1,1114
1,1047
1,1076
1,1131
1,1046
1,1023
1,1006
1,1050
1,1026
1,1033
1,1057
1,1106
1,1083
1,1061
1,1123
1,1045
1,1008
1,1084
1,1105
1,1134
1,1135
1,1139
1,1054
1,1133
1,1099
1,1012
1,1036
1,1055
1,1031
1,1104
1,1035
1,1009
1,1037
1,1079
1,1100
1,1102
1,1122
1,1034
1,1101
1,1010
1,1065
1,1110
1,1038
1,1126
1,1127
1,1064
1,1107
1,1040
1,1108
1,1138
1,1136
1,1021
1,1137
1,1041
1,1042
1,1043
1,1063
1,1044
1,1124
1,1111
1,1140
1,1141
1,1142
1,1143
1,1144
1,1145
1,1146
1,1147
1,1148
1,1149
1,1150
1,1151
1,1152
1,1153
1,1154
1,1155
1,1156
1,1157
1,1158
1,1159
1,1160
1,1161
1,1162
1,1163
1,1164
1,1165
1,1166
1,1167
1,1168
1,1169
1,1170
1,1171
1,1172
1,1173
1,1174
1,1175
1,1176
1,1177
1,1178
1,1049
1,1093
1,1004
1,1070
1,1077
1,1013
1,1103
1,1015
1,1089
1,1016
1,1062
1,1125
1,1109
1,1039
1,1017
1,1018
1,1066
1,1087
1,1088
1,1007
1,1098
1,1011
1,1068
1,1078
1,1073
1,1058
1,1091
1,1094
1,1119
1,1120
1,1024
1,1030
1,1005
1,1128
1,1132
1,1080
1,1056
1,1121
1,1032
1,1085
1,1019
1,1086
1,1020
1,1027
1,1095
1,1074
1,1130
1,1097
1,1075
1,1129
1,1082
1,1014
1,1081
1,1059
51,1001
51,1022
51,1090
51,1060
51,1112
51,1067
51,1072
51,1113
51,1002
51,1092
51,1003
51,1048
51,1025
51,1071
51,1115
51,1051
51,1118
51,1053
51,1052
51,1117
51,1116
51,1028
51,1029
51,1096
51,1069
51,1114
51,1047
51,1076
51,1131
51,1046
51,1023
51,1006
51,1050
51,1026
51,1033
51,1057
51,1106
51,1083
51,1061
51,1123
51,1045
51,1008
51,1084
51,1105
51,1134
51,1135
51,1139
51,1054
51,1133
51,1099
51,1012
51,1036
51,1055
51,1031
51,1104
51,1035
51,1009
51,1037
51,1079
51,1100
51,1102
51,1122
51,1034
51,1101
51,1010
51,1065
51,1110
51,1038
51,1126
51,1127
51,1064
51,1107
51,1040
51,1108
51,1138
51,1136
51,1021
51,1137
51,1041
51,1042
51,1043
51,1063
51,1044
51,1124
51,1111
51,1140
51,1141
51,1142
51,1143
51,1144
51,1145
51,1146
51,1147
51,1148
51,1149
51,1150
51,1151
51,1152
51,1153
51,1154
51,1155
51,1156
51,1157
51,1158
51,1159
51,1160
51,1161
51,1162
51,1163
51,1164
51,1165
51,1166
51,1167
51,1168
51,1169
51,1170
51,1171
51,1172
51,1173
51,1174
51,1175
51,1176
51,1177
51,1178
51,1049
51,1093
51,1004
51,1070
51,1077
51,1013
51,1103
51,1015
51,1089
51,1016
51,1062
51,1125
51,1109
51,1039
51,1017
51,1018
51,1066
51,1087
51,1088
51,1007
51,1098
51,1011
51,1068
51,1078
51,1073
51,1058
51,1091
51,1094
51,1119
51,1120
51,1024
51,1030
51,1005
51,1128
51,1132
51,1080
51,1056
51,1121
51,1032
51,1085
51,1019
51,1086
51,1020
51,1027
51,1095
51,1074
51,1130
51,1097
51,1075
51,1129
51,1082
51,1014
51,1081
51,1059
52,1001
52,1022
52,1090
52,1060
52,1112
52,1067
52,1072
52,1113
52,1002
52,1092
52,1003
52,1048
52,1025
52,1071
52,1115
52,1051
52,1118
52,1053
52,1052
52,1117
52,1116
52,1028
52,1029
52,1096
52,1069
52,1114
52,1047
52,1076
52,1131
52,1046
52,1023
52,1006
52,1050
52,1026
52,1033
52,1057
52,1106
52,1083
52,1061
52,1123
52,1045
52,1008
52,1084
52,1105
52,1134
52,1135
52,1139
52,1054
52,1133
52,1099
52,1012
52,1036
52,1055
52,1031
52,1104
52,1035
52,1009
52,1037
52,1079
52,1100
52,1102
52,1122
52,1034
52,1101
52,1010
52,1065
52,1110
52,1038
52,1126
52,1127
52,1064
52,1107
52,1040
52,1108
52,1138
52,1136
52,1021
52,1137
52,1041
52,1042
52,1043
52,1063
52,1044
52,1124
52,1111
52,1140
52,1141
52,1142
52,1143
52,1144
52,1145
52,1146
52,1147
52,1148
52,1149
52,1150
52,1151
52,1152
52,1153
52,1154
52,1155
52,1156
52,1157
52,1158
52,1159
52,1160
52,1161
52,1162
52,1163
52,1164
52,1165
52,1166
52,1167
52,1168
52,1169
52,1170
52,1171
52,1172
52,1173
52,1174
52,1175
52,1176
52,1177
52,1178
52,1049
52,1093
52,1004
52,1070
52,1077
52,1013
52,1103
52,1015
52,1089
52,1016
52,1062
52,1125
52,1109
52,1039
52,1017
52,1018
52,1066
52,1087
52,1088
52,1007
52,1098
52,1011
52,1068
52,1078
52,1073
52,1058
52,1091
52,1094
52,1119
52,1120
52,1024
52,1030
52,1005
52,1128
52,1132
52,1080
52,1056
52,1121
52,1032
52,1085
52,1019
52,1086
52,1020
52,1027
52,1095
52,1074
52,1130
52,1097
52,1075
52,1129
52,1082
52,1014
52,1081
52,1059
14,1001
14,1022
14,1090
14,1060
14,1112
14,1067
14,1072
14,1113
14,1002
14,1092
14,1003
14,1048
14,1025
14,1071
14,1115
14,1051
14,1118
14,1053
14,1052
14,1117
14,1116
14,1028
14,1029
14,1096
14,1069
14,1114
14,1047
14,1076
14,1131
14,1046
14,1023
14,1006
14,1050
14,1026
14,1033
14,1057
14,1106
14,1083
14,1061
14,1123
14,1045
14,1008
14,1084
14,1105
14,1134
14,1135
14,1139
14,1054
14,1133
14,1099
14,1012
14,1036
14,1055
14,1031
14,1104
14,1035
14,1009
14,1037
14,1079
14,1100
14,1102
14,1122
14,1034
14,1101
14,1010
14,1065
14,1110
14,1038
14,1126
14,1127
14,1064
14,1107
14,1040
14,1108
14,1138
14,1136
14,1021
14,1137
14,1041
14,1042
14,1043
14,1063
14,1044
14,1124
14,1111
14,1140
14,1141
14,1142
14,1143
14,1144
14,1145
14,1146
14,1147
14,1148
14,1149
14,1150
14,1151
14,1152
14,1153
14,1154
14,1155
14,1156
14,1157
14,1158
14,1159
14,1160
14,1161
14,1162
14,1163
14,1164
14,1165
14,1166
14,1167
14,1168
14,1169
14,1170
14,1171
14,1172
14,1173
14,1174
14,1175
14,1176
14,1177
14,1178
14,1049
14,1093
14,1004
14,1070
14,1077
14,1013
14,1103
14,1015
14,1089
14,1016
14,1062
14,1125
14,1109
14,1039
14,1017
14,1018
14,1066
14,1087
14,1088
14,1007
14,1098
14,1011
14,1068
14,1078
14,1073
14,1058
14,1091
14,1094
14,1119
14,1120
14,1024
14,1030
14,1005
14,1128
14,1132
14,1080
14,1056
14,1121
14,1032
14,1085
14,1019
14,1086
14,1020
14,1027
14,1095
14,1074
14,1130
14,1097
14,1075
14,1129
14,1082
14,1014
14,1081
14,1059
53,1001
53,1022
53,1090
53,1060
53,1112
53,1067
53,1072
53,1113
53,1002
53,1092
53,1003
53,1048
53,1025
53,1071
53,1115
53,1051
53,1118
53,1053
53,1052
53,1117
53,1116
53,1028
53,1029
53,1096
53,1069
53,1114
53,1047
53,1076
53,1131
53,1046
53,1023
53,1006
53,1050
53,1026
53,1033
53,1057
53,1106
53,1083
53,1061
53,1123
53,1045
53,1008
53,1084
53,1105
53,1134
53,1135
53,1139
53,1054
53,1133
53,1099
53,1012
53,1036
53,1055
53,1031
53,1104
53,1035
53,1009
53,1037
53,1079
53,1100
53,1102
53,1122
53,1034
53,1101
53,1010
53,1065
53,1110
53,1038
53,1126
53,1127
53,1064
53,1107
53,1040
53,1108
53,1138
53,1136
53,1021
53,1137
53,1041
53,1042
53,1043
53,1063
53,1044
53,1124
53,1111
53,1140
53,1141
53,1142
53,1143
53,1144
53,1145
53,1146
53,1147
53,1148
53,1149
53,1150
53,1151
53,1152
53,1153
53,1154
53,1155
53,1156
53,1157
53,1158
53,1159
53,1160
53,1161
53,1162
53,1163
53,1164
53,1165
53,1166
53,1167
53,1168
53,1169
53,1170
53,1171
53,1172
53,1173
53,1174
53,1175
53,1176
53,1177
53,1178
53,1049
53,1093
53,1004
53,1070
53,1077
53,1013
53,1103
53,1015
53,1089
53,1016
53,1062
53,1125
53,1109
53,1039
53,1017
53,1018
53,1066
53,1087
53,1088
53,1007
53,1098
53,1011
53,1068
53,1078
53,1073
53,1058
53,1091
53,1094
53,1119
53,1120
53,1024
53,1030
53,1005
53,1128
53,1132
53,1080
53,1056
53,1121
53,1032
53,1085
53,1019
53,1086
53,1020
53,1027
53,1095
53,1074
53,1130
53,1097
53,1075
53,1129
53,1082
53,1014
53,1081
53,1059
54,1001
54,1022
54,1090
54,1060
54,1112
54,1067
54,1072
54,1113
54,1002
54,1092
54,1003
54,1048
54,1025
54,1071
54,1115
54,1051
54,1118
54,1053
54,1052
54,1117
54,1116
54,1028
54,1029
54,1096
54,1069
54,1114
54,1047
54,1076
54,1131
54,1046
54,1023
54,1006
54,1050
54,1026
54,1033
54,1057
54,1106
54,1083
54,1061
54,1123
54,1045
54,1008
54,1084
54,1105
54,1134
54,1135
54,1139
54,1054
54,1133
54,1099
54,1012
54,1036
54,1055
54,1031
54,1104
54,1035
54,1009
54,1037
54,1079
54,1100
54,1102
54,1122
54,1034
54,1101
54,1010
54,1065
54,1110
54,1038
54,1126
54,1127
54,1064
54,1107
54,1040
54,1108
54,1138
54,1136
54,1021
54,1137
54,1041
54,1042
54,1043
54,1063
54,1044
54,1124
54,1111
54,1140
54,1141
54,1142
54,1143
54,1144
54,1145
54,1146
54,1147
54,1148
54,1149
54,1150
54,1151
54,1152
54,1153
54,1154
54,1155
54,1156
54,1157
54,1158
54,1159
54,1160
54,1161
54,1162
54,1163
54,1164
54,1165
54,1166
54,1167
54,1168
54,1169
54,1170
54,1171
54,1172
54,1173
54,1174
54,1175
54,1176
54,1177
54,1178
54,1049
54,1093
54,1004
54,1070
54,1077
54,1013
54,1103
54,1015
54,1089
54,1016
54,1062
54,1125
54,1109
54,1039
54,1017
54,1018
54,1066
54,1087
54,1088
54,1007
54,1098
54,1011
54,1068
54,1078
54,1073
54,1058
54,1091
54,1094
54,1119
54,1120
54,1024
54,1030
54,1005
54,1128
54,1132
54,1080
54,1056
54,1121
54,1032
54,1085
54,1019
54,1086
54,1020
54,1027
54,1095
54,1074
54,1130
54,1097
54,1075
54,1129
54,1082
54,1014
54,1081
54,1059
17,1001
17,1022
17,1090
17,1060
17,1112
17,1067
17,1072
17,1113
17,1002
17,1092
17,1003
17,1048
17,1025
17,1071
17,1115
17,1051
17,1118
17,1053
17,1052
17,1117
17,1116
17,1028
17,1029
17,1096
17,1069
17,1114
17,1047
17,1076
17,1131
17,1046
17,1023
17,1006
17,1050
17,1026
17,1033
17,1057
17,1106
17,1083
17,1061
17,1123
17,1045
17,1008
17,1084
17,1105
17,1134
17,1135
17,1139
17,1054
17,1133
17,1099
17,1012
17,1036
17,1055
17,1031
17,1104
17,1035
17,1009
17,1037
17,1079
17,1100
17,1102
17,1122
17,1034
17,1101
17,1010
17,1065
17,1110
17,1038
17,1126
17,1127
17,1064
17,1107
17,1040
17,1108
17,1138
17,1136
17,1021
17,1137
17,1041
17,1042
17,1043
17,1063
17,1044
17,1124
17,1111
17,1140
17,1141
17,1142
17,1143
17,1144
17,1145
17,1146
17,1147
17,1148
17,1149
17,1150
17,1151
17,1152
17,1153
17,1154
17,1155
17,1156
17,1157
17,1158
17,1159
17,1160
17,1161
17,1162
17,1163
17,1164
17,1165
17,1166
17,1167
17,1168
17,1169
17,1170
17,1171
17,1172
17,1173
17,1174
17,1175
17,1176
17,1177
17,1178
17,1049
17,1093
17,1004
17,1070
17,1077
17,1013
17,1103
17,1015
17,1089
17,1016
17,1062
17,1125
17,1109
17,1039
17,1017
17,1018
17,1066
17,1087
17,1088
17,1007
17,1098
17,1011
17,1068
17,1078
17,1073
17,1058
17,1091
17,1094
17,1119
17,1120
17,1024
17,1030
17,1005
17,1128
17,1132
17,1080
17,1056
17,1121
17,1032
17,1085
17,1019
17,1086
17,1020
17,1027
17,1095
17,1074
17,1130
17,1097
17,1075
17,1129
17,1082
17,1014
17,1081
17,1059
60,1001
60,1022
60,1090
60,1060
60,1112
60,1067
60,1072
60,1113
60,1002
60,1092
60,1003
60,1048
60,1025
60,1071
60,1115
60,1051
60,1118
60,1053
60,1052
60,1117
60,1116
60,1028
60,1029
60,1096
60,1069
60,1114
60,1047
60,1076
60,1131
60,1046
60,1023
60,1006
60,1050
60,1026
60,1033
60,1057
60,1106
60,1083
60,1061
60,1123
60,1045
60,1008
60,1084
60,1105
60,1134
60,1135
60,1139
60,1054
60,1133
60,1099
60,1012
60,1036
60,1055
60,1031
60,1104
60,1035
60,1009
60,1037
60,1079
60,1100
60,1102
60,1122
60,1034
60,1101
60,1010
60,1065
60,1110
60,1038
60,1126
60,1127
60,1064
60,1107
60,1040
60,1108
60,1138
60,1136
60,1021
60,1137
60,1041
60,1042
60,1043
60,1063
60,1044
60,1124
60,1111
60,1140
60,1141
60,1142
60,1143
60,1144
60,1145
60,1146
60,1147
60,1148
60,1149
60,1150
60,1151
60,1152
60,1153
60,1154
60,1155
60,1156
60,1157
60,1158
60,1159
60,1160
60,1161
60,1162
60,1163
60,1164
60,1165
60,1166
60,1167
60,1168
60,1169
60,1170
60,1171
60,1172
60,1173
60,1174
60,1175
60,1176
60,1177
60,1178
60,1049
60,1093
60,1004
60,1070
60,1077
60,1013
60,1103
60,1015
60,1089
60,1016
60,1062
60,1125
60,1109
60,1039
60,1017
60,1018
60,1066
60,1087
60,1088
60,1007
60,1098
60,1011
60,1068
60,1078
60,1073
60,1058
60,1091
60,1094
60,1119
60,1120
60,1024
60,1030
60,1005
60,1128
60,1132
60,1080
60,1056
60,1121
60,1032
60,1085
60,1019
60,1086
60,1020
60,1027
60,1095
60,1074
60,1130
60,1097
60,1075
60,1129
60,1082
60,1014
60,1081
60,1059
21,1001
21,1022
21,1090
21,1060
21,1112
21,1067
21,1072
21,1113
21,1002
21,1092
21,1003
21,1048
21,1025
21,1071
21,1115
21,1051
21,1118
21,1053
21,1052
21,1117
21,1116
21,1028
21,1029
21,1096
21,1069
21,1114
21,1047
21,1076
21,1131
21,1046
21,1023
21,1006
21,1050
21,1026
21,1033
21,1057
21,1106
21,1083
21,1061
21,1123
21,1045
21,1008
21,1084
21,1105
21,1134
21,1135
21,1139
21,1054
21,1133
21,1099
21,1012
21,1036
21,1055
21,1031
21,1104
21,1035
21,1009
21,1037
21,1079
21,1100
21,1102
21,1122
21,1034
21,1101
21,1010
21,1065
21,1110
21,1038
21,1126
21,1127
21,1064
21,1107
21,1040
21,1108
21,1138
21,1136
21,1021
21,1137
21,1041
21,1042
21,1043
21,1063
21,1044
21,1124
21,1111
21,1140
21,1141
21,1142
21,1143
21,1144
21,1145
21,1146
21,1147
21,1148
21,1149
21,1150
21,1151
21,1152
21,1153
21,1154
21,1155
21,1156
21,1157
21,1158
21,1159
21,1160
21,1161
21,1162
21,1163
21,1164
21,1165
21,1166
21,1167
21,1168
21,1169
21,1170
21,1171
21,1172
21,1173
21,1174
21,1175
21,1176
21,1177
21,1178
21,1049
21,1093
21,1004
21,1070
21,1077
21,1013
21,1103
21,1015
21,1089
21,1016
21,1062
21,1125
21,1109
21,1039
21,1017
21,1018
21,1066
21,1087
21,1088
21,1007
21,1098
21,1011
21,1068
21,1078
21,1073
21,1058
21,1091
21,1094
21,1119
21,1120
21,1024
21,1030
21,1005
21,1128
21,1132
21,1080
21,1056
21,1121
21,1032
21,1085
21,1019
21,1086
21,1020
21,1027
21,1095
21,1074
21,1130
21,1097
21,1075
21,1129
21,1082
21,1014
21,1081
21,1059
23,1001
23,1022
23,1090
23,1060
23,1112
23,1067
23,1072
23,1113
23,1002
23,1092
23,1003
23,1048
23,1025
23,1071
23,1115
23,1051
23,1118
23,1053
23,1052
23,1117
23,1116
23,1028
23,1029
23,1096
23,1069
23,1114
23,1047
23,1076
23,1131
23,1046
23,1023
23,1006
23,1050
23,1026
23,1033
23,1057
23,1106
23,1083
23,1061
23,1123
23,1045
23,1008
23,1084
23,1105
23,1134
23,1135
23,1139
23,1054
23,1133
23,1099
23,1012
23,1036
23,1055
23,1031
23,1104
23,1035
23,1009
23,1037
23,1079
23,1100
23,1102
23,1122
23,1034
23,1101
23,1010
23,1065
23,1110
23,1038
23,1126
23,1127
23,1064
23,1107
23,1040
23,1108
23,1138
23,1136
23,1021
23,1137
23,1041
23,1042
23,1043
23,1063
23,1044
23,1124
23,1111
23,1140
23,1141
23,1142
23,1143
23,1144
23,1145
23,1146
23,1147
23,1148
23,1149
23,1150
23,1151
23,1152
23,1153
23,1154
23,1155
23,1156
23,1157
23,1158
23,1159
23,1160
23,1161
23,1162
23,1163
23,1164
23,1165
23,1166
23,1167
23,1168
23,1169
23,1170
23,1171
23,1172
23,1173
23,1174
23,1175
23,1176
23,1177
23,1178
23,1049
23,1093
23,1004
23,1070
23,1077
23,1013
23,1103
23,1015
23,1089
23,1016
23,1062
23,1125
23,1109
23,1039
23,1017
23,1018
23,1066
23,1087
23,1088
23,1007
23,1098
23,1011
23,1068
23,1078
23,1073
23,1058
23,1091
23,1094
23,1119
23,1120
23,1024
23,1030
23,1005
23,1128
23,1132
23,1080
23,1056
23,1121
23,1032
23,1085
23,1019
23,1086
23,1020
23,1027
23,1095
23,1074
23,1130
23,1097
23,1075
23,1129
23,1082
23,1014
23,1081
23,1059
64,1001
64,1022
64,1090
64,1060
64,1112
64,1067
64,1072
64,1113
64,1002
64,1092
64,1003
64,1048
64,1025
64,1071
64,1115
64,1051
64,1118
64,1053
64,1052
64,1117
64,1116
64,1028
64,1029
64,1096
64,1069
64,1114
64,1047
64,1076
64,1131
64,1046
64,1023
64,1006
64,1050
64,1026
64,1033
64,1057
64,1106
64,1083
64,1061
64,1123
64,1045
64,1008
64,1084
64,1105
64,1134
64,1135
64,1139
64,1054
64,1133
64,1099
64,1012
64,1036
64,1055
64,1031
64,1104
64,1035
64,1009
64,1037
64,1079
64,1100
64,1102
64,1122
64,1034
64,1101
64,1010
64,1065
64,1110
64,1038
64,1126
64,1127
64,1064
64,1107
64,1040
64,1108
64,1138
64,1136
64,1021
64,1137
64,1041
64,1042
64,1043
64,1063
64,1044
64,1124
64,1111
64,1140
64,1141
64,1142
64,1143
64,1144
64,1145
64,1146
64,1147
64,1148
64,1149
64,1150
64,1151
64,1152
64,1153
64,1154
64,1155
64,1156
64,1157
64,1158
64,1159
64,1160
64,1161
64,1162
64,1163
64,1164
64,1165
64,1166
64,1167
64,1168
64,1169
64,1170
64,1171
64,1172
64,1173
64,1174
64,1175
64,1176
64,1177
64,1178
64,1049
64,1093
64,1004
64,1070
64,1077
64,1013
64,1103
64,1015
64,1089
64,1016
64,1062
64,1125
64,1109
64,1039
64,1017
64,1018
64,1066
64,1087
64,1088
64,1007
64,1098
64,1011
64,1068
64,1078
64,1073
64,1058
64,1091
64,1094
64,1119
64,1120
64,1024
64,1030
64,1005
64,1128
64,1132
64,1080
64,1056
64,1121
64,1032
64,1085
64,1019
64,1086
64,1020
64,1027
64,1095
64,1074
64,1130
64,1097
64,1075
64,1129
64,1082
64,1014
64,1081
64,1059
72,1001
72,1022
72,1090
72,1060
72,1112
72,1067
72,1072
72,1113
72,1002
72,1092
72,1003
72,1048
72,1025
72,1071
72,1115
72,1051
72,1118
72,1053
72,1052
72,1117
72,1116
72,1028
72,1029
72,1096
72,1069
72,1114
72,1047
72,1076
72,1131
72,1046
72,1023
72,1006
72,1050
72,1026
72,1033
72,1057
72,1106
72,1083
72,1061
72,1123
72,1045
72,1008
72,1084
72,1105
72,1134
72,1135
72,1139
72,1054
72,1133
72,1099
72,1012
72,1036
72,1055
72,1031
72,1104
72,1035
72,1009
72,1037
72,1079
72,1100
72,1102
72,1122
72,1034
72,1101
72,1010
72,1065
72,1110
72,1038
72,1126
72,1127
72,1064
72,1107
72,1040
72,1108
72,1138
72,1136
72,1021
72,1137
72,1041
72,1042
72,1043
72,1063
72,1044
72,1124
72,1111
72,1140
72,1141
72,1142
72,1143
72,1144
72,1145
72,1146
72,1147
72,1148
72,1149
72,1150
72,1151
72,1152
72,1153
72,1154
72,1155
72,1156
72,1157
72,1158
72,1159
72,1160
72,1161
72,1162
72,1163
72,1164
72,1165
72,1166
72,1167
72,1168
72,1169
72,1170
72,1171
72,1172
72,1173
72,1174
72,1175
72,1176
72,1177
72,1178
72,1049
72,1093
72,1004
72,1070
72,1077
72,1013
72,1103
72,1015
72,1089
72,1016
72,1062
72,1125
72,1109
72,1039
72,1017
72,1018
72,1066
72,1087
72,1088
72,1007
72,1098
72,1011
72,1068
72,1078
72,1073
72,1058
72,1091
72,1094
72,1119
72,1120
72,1024
72,1030
72,1005
72,1128
72,1132
72,1080
72,1056
72,1121
72,1032
72,1085
72,1019
72,1086
72,1020
72,1027
72,1095
72,1074
72,1130
72,1097
72,1075
72,1129
72,1082
72,1014
72,1081
72,1059
71,1001
71,1022
71,1090
71,1060
71,1112
71,1067
71,1072
71,1113
71,1002
71,1092
71,1003
71,1048
71,1025
71,1071
71,1115
71,1051
71,1118
71,1053
71,1052
71,1117
71,1116
71,1028
71,1029
71,1096
71,1069
71,1114
71,1047
71,1076
71,1131
71,1046
71,1023
71,1006
71,1050
71,1026
71,1033
71,1057
71,1106
71,1083
71,1061
71,1123
71,1045
71,1008
71,1084
71,1105
71,1134
71,1135
71,1139
71,1054
71,1133
71,1099
71,1012
71,1036
71,1055
71,1031
71,1104
71,1035
71,1009
71,1037
71,1079
71,1100
71,1102
71,1122
71,1034
71,1101
71,1010
71,1065
71,1110
71,1038
71,1126
71,1127
71,1064
71,1107
71,1040
71,1108
71,1138
71,1136
71,1021
71,1137
71,1041
71,1042
71,1043
71,1063
71,1044
71,1124
71,1111
71,1140
71,1141
71,1142
71,1143
71,1144
71,1145
71,1146
71,1147
71,1148
71,1149
71,1150
71,1151
71,1152
71,1153
71,1154
71,1155
71,1156
71,1157
71,1158
71,1159
71,1160
71,1161
71,1162
71,1163
71,1164
71,1165
71,1166
71,1167
71,1168
71,1169
71,1170
71,1171
71,1172
71,1173
71,1174
71,1175
71,1176
71,1177
71,1178
71,1049
71,1093
71,1004
71,1070
71,1077
71,1013
71,1103
71,1015
71,1089
71,1016
71,1062
71,1125
71,1109
71,1039
71,1017
71,1018
71,1066
71,1087
71,1088
71,1007
71,1098
71,1011
71,1068
71,1078
71,1073
71,1058
71,1091
71,1094
71,1119
71,1120
71,1024
71,1030
71,1005
71,1128
71,1132
71,1080
71,1056
71,1121
71,1032
71,1085
71,1019
71,1086
71,1020
71,1027
71,1095
71,1074
71,1130
71,1097
71,1075
71,1129
71,1082
71,1014
71,1081
71,1059
70,1001
70,1022
70,1090
70,1060
70,1112
70,1067
70,1072
70,1113
70,1002
70,1092
70,1003
70,1048
70,1025
70,1071
70,1115
70,1051
70,1118
70,1053
70,1052
70,1117
70,1116
70,1028
70,1029
70,1096
70,1069
70,1114
70,1047
70,1076
70,1131
70,1046
70,1023
70,1006
70,1050
70,1026
70,1033
70,1057
70,1106
70,1083
70,1061
70,1123
70,1045
70,1008
70,1084
70,1105
70,1134
70,1135
70,1139
70,1054
70,1133
70,1099
70,1012
70,1036
70,1055
70,1031
70,1104
70,1035
70,1009
70,1037
70,1079
70,1100
70,1102
70,1122
70,1034
70,1101
70,1010
70,1065
70,1110
70,1038
70,1126
70,1127
70,1064
70,1107
70,1040
70,1108
70,1138
70,1136
70,1021
70,1137
70,1041
70,1042
70,1043
70,1063
70,1044
70,1124
70,1111
70,1140
70,1141
70,1142
70,1143
70,1144
70,1145
70,1146
70,1147
70,1148
70,1149
70,1150
70,1151
70,1152
70,1153
70,1154
70,1155
70,1156
70,1157
70,1158
70,1159
70,1160
70,1161
70,1162
70,1163
70,1164
70,1165
70,1166
70,1167
70,1168
70,1169
70,1170
70,1171
70,1172
70,1173
70,1174
70,1175
70,1176
70,1177
70,1178
70,1049
70,1093
70,1004
70,1070
70,1077
70,1013
70,1103
70,1015
70,1089
70,1016
70,1062
70,1125
70,1109
70,1039
70,1017
70,1018
70,1066
70,1087
70,1088
70,1007
70,1098
70,1011
70,1068
70,1078
70,1073
70,1058
70,1091
70,1094
70,1119
70,1120
70,1024
70,1030
70,1005
70,1128
70,1132
70,1080
70,1056
70,1121
70,1032
70,1085
70,1019
70,1086
70,1020
70,1027
70,1095
70,1074
70,1130
70,1097
70,1075
70,1129
70,1082
70,1014
70,1081
70,1059
67,1001
67,1022
67,1090
67,1060
67,1112
67,1067
67,1072
67,1113
67,1002
67,1092
67,1003
67,1048
67,1025
67,1071
67,1115
67,1051
67,1118
67,1053
67,1052
67,1117
67,1116
67,1028
67,1029
67,1096
67,1069
67,1114
67,1047
67,1076
67,1131
67,1046
67,1023
67,1006
67,1050
67,1026
67,1033
67,1057
67,1106
67,1083
67,1061
67,1123
67,1045
67,1008
67,1084
67,1105
67,1134
67,1135
67,1139
67,1054
67,1133
67,1099
67,1012
67,1036
67,1055
67,1031
67,1104
67,1035
67,1009
67,1037
67,1079
67,1100
67,1102
67,1122
67,1034
67,1101
67,1010
67,1065
67,1110
67,1038
67,1126
67,1127
67,1064
67,1107
67,1040
67,1108
67,1138
67,1136
67,1021
67,1137
67,1041
67,1042
67,1043
67,1063
67,1044
67,1124
67,1111
67,1140
67,1141
67,1142
67,1143
67,1144
67,1145
67,1146
67,1147
67,1148
67,1149
67,1150
67,1151
67,1152
67,1153
67,1154
67,1155
67,1156
67,1157
67,1158
67,1159
67,1160
67,1161
67,1162
67,1163
67,1164
67,1165
67,1166
67,1167
67,1168
67,1169
67,1170
67,1171
67,1172
67,1173
67,1174
67,1175
67,1176
67,1177
67,1178
67,1049
67,1093
67,1004
67,1070
67,1077
67,1013
67,1103
67,1015
67,1089
67,1016
67,1062
67,1125
67,1109
67,1039
67,1017
67,1018
67,1066
67,1087
67,1088
67,1007
67,1098
67,1011
67,1068
67,1078
67,1073
67,1058
67,1091
67,1094
67,1119
67,1120
67,1024
67,1030
67,1005
67,1128
67,1132
67,1080
67,1056
67,1121
67,1032
67,1085
67,1019
67,1086
67,1020
67,1027
67,1095
67,1074
67,1130
67,1097
67,1075
67,1129
67,1082
67,1014
67,1081
67,1059
65,1001
65,1022
65,1090
65,1060
65,1112
65,1067
65,1072
65,1113
65,1002
65,1092
65,1003
65,1048
65,1025
65,1071
65,1115
65,1051
65,1118
65,1053
65,1052
65,1117
65,1116
65,1028
65,1029
65,1096
65,1069
65,1114
65,1047
65,1076
65,1131
65,1046
65,1023
65,1006
65,1050
65,1026
65,1033
65,1057
65,1106
65,1083
65,1061
65,1123
65,1045
65,1008
65,1084
65,1105
65,1134
65,1135
65,1139
65,1054
65,1133
65,1099
65,1012
65,1036
65,1055
65,1031
65,1104
65,1035
65,1009
65,1037
65,1079
65,1100
65,1102
65,1122
65,1034
65,1101
65,1010
65,1065
65,1110
65,1038
65,1126
65,1127
65,1064
65,1107
65,1040
65,1108
65,1138
65,1136
65,1021
65,1137
65,1041
65,1042
65,1043
65,1063
65,1044
65,1124
65,1111
65,1140
65,1141
65,1142
65,1143
65,1144
65,1145
65,1146
65,1147
65,1148
65,1149
65,1150
65,1151
65,1152
65,1153
65,1154
65,1155
65,1156
65,1157
65,1158
65,1159
65,1160
65,1161
65,1162
65,1163
65,1164
65,1165
65,1166
65,1167
65,1168
65,1169
65,1170
65,1171
65,1172
65,1173
65,1174
65,1175
65,1176
65,1177
65,1178
65,1049
65,1093
65,1004
65,1070
65,1077
65,1013
65,1103
65,1015
65,1089
65,1016
65,1062
65,1125
65,1109
65,1039
65,1017
65,1018
65,1066
65,1087
65,1088
65,1007
65,1098
65,1011
65,1068
65,1078
65,1073
65,1058
65,1091
65,1094
65,1119
65,1120
65,1024
65,1030
65,1005
65,1128
65,1132
65,1080
65,1056
65,1121
65,1032
65,1085
65,1019
65,1086
65,1020
65,1027
65,1095
65,1074
65,1130
65,1097
65,1075
65,1129
65,1082
65,1014
65,1081
65,1059
55,1001
55,1022
55,1090
55,1060
55,1112
55,1067
55,1072
55,1113
55,1002
55,1092
55,1003
55,1048
55,1025
55,1071
55,1115
55,1051
55,1118
55,1053
55,1052
55,1117
55,1116
55,1028
55,1029
55,1096
55,1069
55,1114
55,1047
55,1076
55,1131
55,1046
55,1023
55,1006
55,1050
55,1026
55,1033
55,1057
55,1106
55,1083
55,1061
55,1123
55,1045
55,1008
55,1084
55,1105
55,1134
55,1135
55,1139
55,1054
55,1133
55,1099
55,1012
55,1036
55,1055
55,1031
55,1104
55,1035
55,1009
55,1037
55,1079
55,1100
55,1102
55,1122
55,1034
55,1101
55,1010
55,1065
55,1110
55,1038
55,1126
55,1127
55,1064
55,1107
55,1040
55,1108
55,1138
55,1136
55,1021
55,1137
55,1041
55,1042
55,1043
55,1063
55,1044
55,1124
55,1111
55,1140
55,1141
55,1142
55,1143
55,1144
55,1145
55,1146
55,1147
55,1148
55,1149
55,1150
55,1151
55,1152
55,1153
55,1154
55,1155
55,1156
55,1157
55,1158
55,1159
55,1160
55,1161
55,1162
55,1163
55,1164
55,1165
55,1166
55,1167
55,1168
55,1169
55,1170
55,1171
55,1172
55,1173
55,1174
55,1175
55,1176
55,1177
55,1178
55,1049
55,1093
55,1004
55,1070
55,1077
55,1013
55,1103
55,1015
55,1089
55,1016
55,1062
55,1125
55,1109
55,1039
55,1017
55,1018
55,1066
55,1087
55,1088
55,1007
55,1098
55,1011
55,1068
55,1078
55,1073
55,1058
55,1091
55,1094
55,1119
55,1120
55,1024
55,1030
55,1005
55,1128
55,1132
55,1080
55,1056
55,1121
55,1032
55,1085
55,1019
55,1086
55,1020
55,1027
55,1095
55,1074
55,1130
55,1097
55,1075
55,1129
55,1082
55,1014
55,1081
55,1059
56,1001
56,1022
56,1090
56,1060
56,1112
56,1067
56,1072
56,1113
56,1002
56,1092
56,1003
56,1048
56,1025
56,1071
56,1115
56,1051
56,1118
56,1053
56,1052
56,1117
56,1116
56,1028
56,1029
56,1096
56,1069
56,1114
56,1047
56,1076
56,1131
56,1046
56,1023
56,1006
56,1050
56,1026
56,1033
56,1057
56,1106
56,1083
56,1061
56,1123
56,1045
56,1008
56,1084
56,1105
56,1134
56,1135
56,1139
56,1054
56,1133
56,1099
56,1012
56,1036
56,1055
56,1031
56,1104
56,1035
56,1009
56,1037
56,1079
56,1100
56,1102
56,1122
56,1034
56,1101
56,1010
56,1065
56,1110
56,1038
56,1126
56,1127
56,1064
56,1107
56,1040
56,1108
56,1138
56,1136
56,1021
56,1137
56,1041
56,1042
56,1043
56,1063
56,1044
56,1124
56,1111
56,1140
56,1141
56,1142
56,1143
56,1144
56,1145
56,1146
56,1147
56,1148
56,1149
56,1150
56,1151
56,1152
56,1153
56,1154
56,1155
56,1156
56,1157
56,1158
56,1159
56,1160
56,1161
56,1162
56,1163
56,1164
56,1165
56,1166
56,1167
56,1168
56,1169
56,1170
56,1171
56,1172
56,1173
56,1174
56,1175
56,1176
56,1177
56,1178
56,1049
56,1093
56,1004
56,1070
56,1077
56,1013
56,1103
56,1015
56,1089
56,1016
56,1062
56,1125
56,1109
56,1039
56,1017
56,1018
56,1066
56,1087
56,1088
56,1007
56,1098
56,1011
56,1068
56,1078
56,1073
56,1058
56,1091
56,1094
56,1119
56,1120
56,1024
56,1030
56,1005
56,1128
56,1132
56,1080
56,1056
56,1121
56,1032
56,1085
56,1019
56,1086
56,1020
56,1027
56,1095
56,1074
56,1130
56,1097
56,1075
56,1129
56,1082
56,1014
56,1081
56,1059
57,1001
57,1022
57,1090
57,1060
57,1112
57,1067
57,1072
57,1113
57,1002
57,1092
57,1003
57,1048
57,1025
57,1071
57,1115
57,1051
57,1118
57,1053
57,1052
57,1117
57,1116
57,1028
57,1029
57,1096
57,1069
57,1114
57,1047
57,1076
57,1131
57,1046
57,1023
57,1006
57,1050
57,1026
57,1033
57,1057
57,1106
57,1083
57,1061
57,1123
57,1045
57,1008
57,1084
57,1105
57,1134
57,1135
57,1139
57,1054
57,1133
57,1099
57,1012
57,1036
57,1055
57,1031
57,1104
57,1035
57,1009
57,1037
57,1079
57,1100
57,1102
57,1122
57,1034
57,1101
57,1010
57,1065
57,1110
57,1038
57,1126
57,1127
57,1064
57,1107
57,1040
57,1108
57,1138
57,1136
57,1021
57,1137
57,1041
57,1042
57,1043
57,1063
57,1044
57,1124
57,1111
57,1140
57,1141
57,1142
57,1143
57,1144
57,1145
57,1146
57,1147
57,1148
57,1149
57,1150
57,1151
57,1152
57,1153
57,1154
57,1155
57,1156
57,1157
57,1158
57,1159
57,1160
57,1161
57,1162
57,1163
57,1164
57,1165
57,1166
57,1167
57,1168
57,1169
57,1170
57,1171
57,1172
57,1173
57,1174
57,1175
57,1176
57,1177
57,1178
57,1049
57,1093
57,1004
57,1070
57,1077
57,1013
57,1103
57,1015
57,1089
57,1016
57,1062
57,1125
57,1109
57,1039
57,1017
57,1018
57,1066
57,1087
57,1088
57,1007
57,1098
57,1011
57,1068
57,1078
57,1073
57,1058
57,1091
57,1094
57,1119
57,1120
57,1024
57,1030
57,1005
57,1128
57,1132
57,1080
57,1056
57,1121
57,1032
57,1085
57,1019
57,1086
57,1020
57,1027
57,1095
57,1074
57,1130
57,1097
57,1075
57,1129
57,1082
57,1014
57,1081
57,1059
6,1001
6,1022
6,1090
6,1060
6,1112
6,1067
6,1072
6,1113
6,1002
6,1092
6,1003
6,1048
6,1025
6,1071
6,1115
6,1051
6,1118
6,1053
6,1052
6,1117
6,1116
6,1028
6,1029
6,1096
6,1069
6,1114
6,1047
6,1076
6,1131
6,1046
6,1023
6,1006
6,1050
6,1026
6,1033
6,1057
6,1106
6,1083
6,1061
6,1123
6,1045
6,1008
6,1084
6,1105
6,1134
6,1135
6,1139
6,1054
6,1133
6,1099
6,1012
6,1036
6,1055
6,1031
6,1104
6,1035
6,1009
6,1037
6,1079
6,1100
6,1102
6,1122
6,1034
6,1101
6,1010
6,1065
6,1110
6,1038
6,1126
6,1127
6,1064
6,1107
6,1040
6,1108
6,1138
6,1136
6,1021
6,1137
6,1041
6,1042
6,1043
6,1063
6,1044
6,1124
6,1111
6,1140
6,1141
6,1142
6,1143
6,1144
6,1145
6,1146
6,1147
6,1148
6,1149
6,1150
6,1151
6,1152
6,1153
6,1154
6,1155
6,1156
6,1157
6,1158
6,1159
6,1160
6,1161
6,1162
6,1163
6,1164
6,1165
6,1166
6,1167
6,1168
6,1169
6,1170
6,1171
6,1172
6,1173
6,1174
6,1175
6,1176
6,1177
6,1178
6,1049
6,1093
6,1004
6,1070
6,1077
6,1013
6,1103
6,1015
6,1089
6,1016
6,1062
6,1125
6,1109
6,1039
6,1017
6,1018
6,1066
6,1087
6,1088
6,1007
6,1098
6,1011
6,1068
6,1078
6,1073
6,1058
6,1091
6,1094
6,1119
6,1120
6,1024
6,1030
6,1005
6,1128
6,1132
6,1080
6,1056
6,1121
6,1032
6,1085
6,1019
6,1086
6,1020
6,1027
6,1095
6,1074
6,1130
6,1097
6,1075
6,1129
6,1082
6,1014
6,1081
6,1059
8,1001
8,1022
8,1090
8,1060
8,1112
8,1067
8,1072
8,1113
8,1002
8,1092
8,1003
8,1048
8,1025
8,1071
8,1115
8,1051
8,1118
8,1053
8,1052
8,1117
8,1116
8,1028
8,1029
8,1096
8,1069
8,1114
8,1047
8,1076
8,1131
8,1046
8,1023
8,1006
8,1050
8,1026
8,1033
8,1057
8,1106
8,1083
8,1061
8,1123
8,1045
8,1008
8,1084
8,1105
8,1134
8,1135
8,1139
8,1054
8,1133
8,1099
8,1012
8,1036
8,1055
8,1031
8,1104
8,1035
8,1009
8,1037
8,1079
8,1100
8,1102
8,1122
8,1034
8,1101
8,1010
8,1065
8,1110
8,1038
8,1126
8,1127
8,1064
8,1107
8,1040
8,1108
8,1138
8,1136
8,1021
8,1137
8,1041
8,1042
8,1043
8,1063
8,1044
8,1124
8,1111
8,1140
8,1141
8,1142
8,1143
8,1144
8,1145
8,1146
8,1147
8,1148
8,1149
8,1150
8,1151
8,1152
8,1153
8,1154
8,1155
8,1156
8,1157
8,1158
8,1159
8,1160
8,1161
8,1162
8,1163
8,1164
8,1165
8,1166
8,1167
8,1168
8,1169
8,1170
8,1171
8,1172
8,1173
8,1174
8,1175
8,1176
8,1177
8,1178
8,1049
8,1093
8,1004
8,1070
8,1077
8,1013
8,1103
8,1015
8,1089
8,1016
8,1062
8,1125
8,1109
8,1039
8,1017
8,1018
8,1066
8,1087
8,1088
8,1007
8,1098
8,1011
8,1068
8,1078
8,1073
8,1058
8,1091
8,1094
8,1119
8,1120
8,1024
8,1030
8,1005
8,1128
8,1132
8,1080
8,1056
8,1121
8,1032
8,1085
8,1019
8,1086
8,1020
8,1027
8,1095
8,1074
8,1130
8,1097
8,1075
8,1129
8,1082
8,1014
8,1081
8,1059
9,1001
9,1022
9,1090
9,1060
9,1112
9,1067
9,1072
9,1113
9,1002
9,1092
9,1003
9,1048
9,1025
9,1071
9,1115
9,1051
9,1118
9,1053
9,1052
9,1117
9,1116
9,1028
9,1029
9,1096
9,1069
9,1114
9,1047
9,1076
9,1131
9,1046
9,1023
9,1006
9,1050
9,1026
9,1033
9,1057
9,1106
9,1083
9,1061
9,1123
9,1045
9,1008
9,1084
9,1105
9,1134
9,1135
9,1139
9,1054
9,1133
9,1099
9,1012
9,1036
9,1055
9,1031
9,1104
9,1035
9,1009
9,1037
9,1079
9,1100
9,1102
9,1122
9,1034
9,1101
9,1010
9,1065
9,1110
9,1038
9,1126
9,1127
9,1064
9,1107
9,1040
9,1108
9,1138
9,1136
9,1021
9,1137
9,1041
9,1042
9,1043
9,1063
9,1044
9,1124
9,1111
9,1140
9,1141
9,1142
9,1143
9,1144
9,1145
9,1146
9,1147
9,1148
9,1149
9,1150
9,1151
9,1152
9,1153
9,1154
9,1155
9,1156
9,1157
9,1158
9,1159
9,1160
9,1161
9,1162
9,1163
9,1164
9,1165
9,1166
9,1167
9,1168
9,1169
9,1170
9,1171
9,1172
9,1173
9,1174
9,1175
9,1176
9,1177
9,1178
9,1049
9,1093
9,1004
9,1070
9,1077
9,1013
9,1103
9,1015
9,1089
9,1016
9,1062
9,1125
9,1109
9,1039
9,1017
9,1018
9,1066
9,1087
9,1088
9,1007
9,1098
9,1011
9,1068
9,1078
9,1073
9,1058
9,1091
9,1094
9,1119
9,1120
9,1024
9,1030
9,1005
9,1128
9,1132
9,1080
9,1056
9,1121
9,1032
9,1085
9,1019
9,1086
9,1020
9,1027
9,1095
9,1074
9,1130
9,1097
9,1075
9,1129
9,1082
9,1014
9,1081
9,1059
58,1001
58,1022
58,1090
58,1060
58,1112
58,1067
58,1072
58,1113
58,1002
58,1092
58,1003
58,1048
58,1025
58,1071
58,1115
58,1051
58,1118
58,1053
58,1052
58,1117
58,1116
58,1028
58,1029
58,1096
58,1069
58,1114
58,1047
58,1076
58,1131
58,1046
58,1023
58,1006
58,1050
58,1026
58,1033
58,1057
58,1106
58,1083
58,1061
58,1123
58,1045
58,1008
58,1084
58,1105
58,1134
58,1135
58,1139
58,1054
58,1133
58,1099
58,1012
58,1036
58,1055
58,1031
58,1104
58,1035
58,1009
58,1037
58,1079
58,1100
58,1102
58,1122
58,1034
58,1101
58,1010
58,1065
58,1110
58,1038
58,1126
58,1127
58,1064
58,1107
58,1040
58,1108
58,1138
58,1136
58,1021
58,1137
58,1041
58,1042
58,1043
58,1063
58,1044
58,1124
58,1111
58,1140
58,1141
58,1142
58,1143
58,1144
58,1145
58,1146
58,1147
58,1148
58,1149
58,1150
58,1151
58,1152
58,1153
58,1154
58,1155
58,1156
58,1157
58,1158
58,1159
58,1160
58,1161
58,1162
58,1163
58,1164
58,1165
58,1166
58,1167
58,1168
58,1169
58,1170
58,1171
58,1172
58,1173
58,1174
58,1175
58,1176
58,1177
58,1178
58,1049
58,1093
58,1004
58,1070
58,1077
58,1013
58,1103
58,1015
58,1089
58,1016
58,1062
58,1125
58,1109
58,1039
58,1017
58,1018
58,1066
58,1087
58,1088
58,1007
58,1098
58,1011
58,1068
58,1078
58,1073
58,1058
58,1091
58,1094
58,1119
58,1120
58,1024
58,1030
58,1005
58,1128
58,1132
58,1080
58,1056
58,1121
58,1032
58,1085
58,1019
58,1086
58,1020
58,1027
58,1095
58,1074
58,1130
58,1097
58,1075
58,1129
58,1082
58,1014
58,1081
58,1059
44,1001
44,1022
44,1090
44,1060
44,1112
44,1067
44,1072
44,1113
44,1002
44,1092
44,1003
44,1048
44,1025
44,1071
44,1115
44,1051
44,1118
44,1053
44,1052
44,1117
44,1116
44,1028
44,1029
44,1096
44,1069
44,1114
44,1047
44,1076
44,1131
44,1046
44,1023
44,1006
44,1050
44,1026
44,1033
44,1057
44,1106
44,1083
44,1061
44,1123
44,1045
44,1008
44,1084
44,1105
44,1134
44,1135
44,1139
44,1054
44,1133
44,1099
44,1012
44,1036
44,1055
44,1031
44,1104
44,1035
44,1009
44,1037
44,1079
44,1100
44,1102
44,1122
44,1034
44,1101
44,1010
44,1065
44,1110
44,1038
44,1126
44,1127
44,1064
44,1107
44,1040
44,1108
44,1138
44,1136
44,1021
44,1137
44,1041
44,1042
44,1043
44,1063
44,1044
44,1124
44,1111
44,1140
44,1141
44,1142
44,1143
44,1144
44,1145
44,1146
44,1147
44,1148
44,1149
44,1150
44,1151
44,1152
44,1153
44,1154
44,1155
44,1156
44,1157
44,1158
44,1159
44,1160
44,1161
44,1162
44,1163
44,1164
44,1165
44,1166
44,1167
44,1168
44,1169
44,1170
44,1171
44,1172
44,1173
44,1174
44,1175
44,1176
44,1177
44,1178
44,1049
44,1093
44,1004
44,1070
44,1077
44,1013
44,1103
44,1015
44,1089
44,1016
44,1062
44,1125
44,1109
44,1039
44,1017
44,1018
44,1066
44,1087
44,1088
44,1007
44,1098
44,1011
44,1068
44,1078
44,1073
44,1058
44,1091
44,1094
44,1119
44,1120
44,1024
44,1030
44,1005
44,1128
44,1132
44,1080
44,1056
44,1121
44,1032
44,1085
44,1019
44,1086
44,1020
44,1027
44,1095
44,1074
44,1130
44,1097
44,1075
44,1129
44,1082
44,1014
44,1081
44,1059
59,1001
59,1022
59,1090
59,1060
59,1112
59,1067
59,1072
59,1113
59,1002
59,1092
59,1003
59,1048
59,1025
59,1071
59,1115
59,1051
59,1118
59,1053
59,1052
59,1117
59,1116
59,1028
59,1029
59,1096
59,1069
59,1114
59,1047
59,1076
59,1131
59,1046
59,1023
59,1006
59,1050
59,1026
59,1033
59,1057
59,1106
59,1083
59,1061
59,1123
59,1045
59,1008
59,1084
59,1105
59,1134
59,1135
59,1139
59,1054
59,1133
59,1099
59,1012
59,1036
59,1055
59,1031
59,1104
59,1035
59,1009
59,1037
59,1079
59,1100
59,1102
59,1122
59,1034
59,1101
59,1010
59,1065
59,1110
59,1038
59,1126
59,1127
59,1064
59,1107
59,1040
59,1108
59,1138
59,1136
59,1021
59,1137
59,1041
59,1042
59,1043
59,1063
59,1044
59,1124
59,1111
59,1140
59,1141
59,1142
59,1143
59,1144
59,1145
59,1146
59,1147
59,1148
59,1149
59,1150
59,1151
59,1152
59,1153
59,1154
59,1155
59,1156
59,1157
59,1158
59,1159
59,1160
59,1161
59,1162
59,1163
59,1164
59,1165
59,1166
59,1167
59,1168
59,1169
59,1170
59,1171
59,1172
59,1173
59,1174
59,1175
59,1176
59,1177
59,1178
59,1049
59,1093
59,1004
59,1070
59,1077
59,1013
59,1103
59,1015
59,1089
59,1016
59,1062
59,1125
59,1109
59,1039
59,1017
59,1018
59,1066
59,1087
59,1088
59,1007
59,1098
59,1011
59,1068
59,1078
59,1073
59,1058
59,1091
59,1094
59,1119
59,1120
59,1024
59,1030
59,1005
59,1128
59,1132
59,1080
59,1056
59,1121
59,1032
59,1085
59,1019
59,1086
59,1020
59,1027
59,1095
59,1074
59,1130
59,1097
59,1075
59,1129
59,1082
59,1014
59,1081
59,1059
11,1001
11,1022
11,1090
11,1060
11,1112
11,1067
11,1072
11,1113
11,1002
11,1092
11,1003
11,1048
11,1025
11,1071
11,1115
11,1051
11,1118
11,1053
11,1052
11,1117
11,1116
11,1028
11,1029
11,1096
11,1069
11,1114
11,1047
11,1076
11,1131
11,1046
11,1023
11,1006
11,1050
11,1026
11,1033
11,1057
11,1106
11,1083
11,1061
11,1123
11,1045
11,1008
11,1084
11,1105
11,1134
11,1135
11,1139
11,1054
11,1133
11,1099
11,1012
11,1036
11,1055
11,1031
11,1104
11,1035
11,1009
11,1037
11,1079
11,1100
11,1102
11,1122
11,1034
11,1101
11,1010
11,1065
11,1110
11,1038
11,1126
11,1127
11,1064
11,1107
11,1040
11,1108
11,1138
11,1136
11,1021
11,1137
11,1041
11,1042
11,1043
11,1063
11,1044
11,1124
11,1111
11,1140
11,1141
11,1142
11,1143
11,1144
11,1145
11,1146
11,1147
11,1148
11,1149
11,1150
11,1151
11,1152
11,1153
11,1154
11,1155
11,1156
11,1157
11,1158
11,1159
11,1160
11,1161
11,1162
11,1163
11,1164
11,1165
11,1166
11,1167
11,1168
11,1169
11,1170
11,1171
11,1172
11,1173
11,1174
11,1175
11,1176
11,1177
11,1178
11,1049
11,1093
11,1004
11,1070
11,1077
11,1013
11,1103
11,1015
11,1089
11,1016
11,1062
11,1125
11,1109
11,1039
11,1017
11,1018
11,1066
11,1087
11,1088
11,1007
11,1098
11,1011
11,1068
11,1078
11,1073
11,1058
11,1091
11,1094
11,1119
11,1120
11,1024
11,1030
11,1005
11,1128
11,1132
11,1080
11,1056
11,1121
11,1032
11,1085
11,1019
11,1086
11,1020
11,1027
11,1095
11,1074
11,1130
11,1097
11,1075
11,1129
11,1082
11,1014
11,1081
11,1059
10,1001
10,1022
10,1090
10,1060
10,1112
10,1067
10,1072
10,1113
10,1002
10,1092
10,1003
10,1048
10,1025
10,1071
10,1115
10,1051
10,1118
10,1053
10,1052
10,1117
10,1116
10,1028
10,1029
10,1096
10,1069
10,1114
10,1047
10,1076
10,1131
10,1046
10,1023
10,1006
10,1050
10,1026
10,1033
10,1057
10,1106
10,1083
10,1061
10,1123
10,1045
10,1008
10,1084
10,1105
10,1134
10,1135
10,1139
10,1054
10,1133
10,1099
10,1012
10,1036
10,1055
10,1031
10,1104
10,1035
10,1009
10,1037
10,1079
10,1100
10,1102
10,1122
10,1034
10,1101
10,1010
10,1065
10,1110
10,1038
10,1126
10,1127
10,1064
10,1107
10,1040
10,1108
10,1138
10,1136
10,1021
10,1137
10,1041
10,1042
10,1043
10,1063
10,1044
10,1124
10,1111
10,1140
10,1141
10,1142
10,1143
10,1144
10,1145
10,1146
10,1147
10,1148
10,1149
10,1150
10,1151
10,1152
10,1153
10,1154
10,1155
10,1156
10,1157
10,1158
10,1159
10,1160
10,1161
10,1162
10,1163
10,1164
10,1165
10,1166
10,1167
10,1168
10,1169
10,1170
10,1171
10,1172
10,1173
10,1174
10,1175
10,1176
10,1177
10,1178
10,1049
10,1093
10,1004
10,1070
10,1077
10,1013
10,1103
10,1015
10,1089
10,1016
10,1062
10,1125
10,1109
10,1039
10,1017
10,1018
10,1066
10,1087
10,1088
10,1007
10,1098
10,1011
10,1068
10,1078
10,1073
10,1058
10,1091
10,1094
10,1119
10,1120
10,1024
10,1030
10,1005
10,1128
10,1132
10,1080
10,1056
10,1121
10,1032
10,1085
10,1019
10,1086
10,1020
10,1027
10,1095
10,1074
10,1130
10,1097
10,1075
10,1129
10,1082
10,1014
10,1081
10,1059
12,1001
12,1022
12,1090
12,1060
12,1112
12,1067
12,1072
12,1113
12,1002
12,1092
12,1003
12,1048
12,1025
12,1071
12,1115
12,1051
12,1118
12,1053
12,1052
12,1117
12,1116
12,1028
12,1029
12,1096
12,1069
12,1114
12,1047
12,1076
12,1131
12,1046
12,1023
12,1006
12,1050
12,1026
12,1033
12,1057
12,1106
12,1083
12,1061
12,1123
12,1045
12,1008
12,1084
12,1105
12,1134
12,1135
12,1139
12,1054
12,1133
12,1099
12,1012
12,1036
12,1055
12,1031
12,1104
12,1035
12,1009
12,1037
12,1079
12,1100
12,1102
12,1122
12,1034
12,1101
12,1010
12,1065
12,1110
12,1038
12,1126
12,1127
12,1064
12,1107
12,1040
12,1108
12,1138
12,1136
12,1021
12,1137
12,1041
12,1042
12,1043
12,1063
12,1044
12,1124
12,1111
12,1140
12,1141
12,1142
12,1143
12,1144
12,1145
12,1146
12,1147
12,1148
12,1149
12,1150
12,1151
12,1152
12,1153
12,1154
12,1155
12,1156
12,1157
12,1158
12,1159
12,1160
12,1161
12,1162
12,1163
12,1164
12,1165
12,1166
12,1167
12,1168
12,1169
12,1170
12,1171
12,1172
12,1173
12,1174
12,1175
12,1176
12,1177
12,1178
12,1049
12,1093
12,1004
12,1070
12,1077
12,1013
12,1103
12,1015
12,1089
12,1016
12,1062
12,1125
12,1109
12,1039
12,1017
12,1018
12,1066
12,1087
12,1088
12,1007
12,1098
12,1011
12,1068
12,1078
12,1073
12,1058
12,1091
12,1094
12,1119
12,1120
12,1024
12,1030
12,1005
12,1128
12,1132
12,1080
12,1056
12,1121
12,1032
12,1085
12,1019
12,1086
12,1020
12,1027
12,1095
12,1074
12,1130
12,1097
12,1075
12,1129
12,1082
12,1014
12,1081
12,1059
13,1001
13,1022
13,1090
13,1060
13,1112
13,1067
13,1072
13,1113
13,1002
13,1092
13,1003
13,1048
13,1025
13,1071
13,1115
13,1051
13,1118
13,1053
13,1052
13,1117
13,1116
13,1028
13,1029
13,1096
13,1069
13,1114
13,1047
13,1076
13,1131
13,1046
13,1023
13,1006
13,1050
13,1026
13,1033
13,1057
13,1106
13,1083
13,1061
13,1123
13,1045
13,1008
13,1084
13,1105
13,1134
13,1135
13,1139
13,1054
13,1133
13,1099
13,1012
13,1036
13,1055
13,1031
13,1104
13,1035
13,1009
13,1037
13,1079
13,1100
13,1102
13,1122
13,1034
13,1101
13,1010
13,1065
13,1110
13,1038
13,1126
13,1127
13,1064
13,1107
13,1040
13,1108
13,1138
13,1136
13,1021
13,1137
13,1041
13,1042
13,1043
13,1063
13,1044
13,1124
13,1111
13,1140
13,1141
13,1142
13,1143
13,1144
13,1145
13,1146
13,1147
13,1148
13,1149
13,1150
13,1151
13,1152
13,1153
13,1154
13,1155
13,1156
13,1157
13,1158
13,1159
13,1160
13,1161
13,1162
13,1163
13,1164
13,1165
13,1166
13,1167
13,1168
13,1169
13,1170
13,1171
13,1172
13,1173
13,1174
13,1175
13,1176
13,1177
13,1178
13,1049
13,1093
13,1004
13,1070
13,1077
13,1013
13,1103
13,1015
13,1089
13,1016
13,1062
13,1125
13,1109
13,1039
13,1017
13,1018
13,1066
13,1087
13,1088
13,1007
13,1098
13,1011
13,1068
13,1078
13,1073
13,1058
13,1091
13,1094
13,1119
13,1120
13,1024
13,1030
13,1005
13,1128
13,1132
13,1080
13,1056
13,1121
13,1032
13,1085
13,1019
13,1086
13,1020
13,1027
13,1095
13,1074
13,1130
13,1097
13,1075
13,1129
13,1082
13,1014
13,1081
13,1059
2,1001
2,1022
2,1090
2,1060
2,1112
2,1067
2,1072
2,1113
2,1002
2,1092
2,1003
2,1048
2,1025
2,1071
2,1115
2,1051
2,1118
2,1053
2,1052
2,1117
2,1116
2,1028
2,1029
2,1096
2,1069
2,1114
2,1047
2,1076
2,1131
2,1046
2,1023
2,1006
2,1050
2,1026
2,1033
2,1057
2,1106
2,1083
2,1061
2,1123
2,1045
2,1008
2,1084
2,1105
2,1134
2,1135
2,1139
2,1054
2,1133
2,1099
2,1012
2,1036
2,1055
2,1031
2,1104
2,1035
2,1009
2,1037
2,1079
2,1100
2,1102
2,1122
2,1034
2,1101
2,1010
2,1065
2,1110
2,1038
2,1126
2,1127
2,1064
2,1107
2,1040
2,1108
2,1138
2,1136
2,1021
2,1137
2,1041
2,1042
2,1043
2,1063
2,1044
2,1124
2,1111
2,1140
2,1141
2,1142
2,1143
2,1144
2,1145
2,1146
2,1147
2,1148
2,1149
2,1150
2,1151
2,1152
2,1153
2,1154
2,1155
2,1156
2,1157
2,1158
2,1159
2,1160
2,1161
2,1162
2,1163
2,1164
2,1165
2,1166
2,1167
2,1168
2,1169
2,1170
2,1171
2,1172
2,1173
2,1174
2,1175
2,1176
2,1177
2,1178
2,1049
2,1093
2,1004
2,1070
2,1077
2,1013
2,1103
2,1015
2,1089
2,1016
2,1062
2,1125
2,1109
2,1039
2,1017
2,1018
2,1066
2,1087
2,1088
2,1007
2,1098
2,1011
2,1068
2,1078
2,1073
2,1058
2,1091
2,1094
2,1119
2,1120
2,1024
2,1030
2,1005
2,1128
2,1132
2,1080
2,1056
2,1121
2,1032
2,1085
2,1019
2,1086
2,1020
2,1027
2,1095
2,1074
2,1130
2,1097
2,1075
2,1129
2,1082
2,1014
2,1081
2,1059
3,1001
3,1022
3,1090
3,1060
3,1112
3,1067
3,1072
3,1113
3,1002
3,1092
3,1003
3,1048
3,1025
3,1071
3,1115
3,1051
3,1118
3,1053
3,1052
3,1117
3,1116
3,1028
3,1029
3,1096
3,1069
3,1114
3,1047
3,1076
3,1131
3,1046
3,1023
3,1006
3,1050
3,1026
3,1033
3,1057
3,1106
3,1083
3,1061
3,1123
3,1045
3,1008
3,1084
3,1105
3,1134
3,1135
3,1139
3,1054
3,1133
3,1099
3,1012
3,1036
3,1055
3,1031
3,1104
3,1035
3,1009
3,1037
3,1079
3,1100
3,1102
3,1122
3,1034
3,1101
3,1010
3,1065
3,1110
3,1038
3,1126
3,1127
3,1064
3,1107
3,1040
3,1108
3,1138
3,1136
3,1021
3,1137
3,1041
3,1042
3,1043
3,1063
3,1044
3,1124
3,1111
3,1140
3,1141
3,1142
3,1143
3,1144
3,1145
3,1146
3,1147
3,1148
3,1149
3,1150
3,1151
3,1152
3,1153
3,1154
3,1155
3,1156
3,1157
3,1158
3,1159
3,1160
3,1161
3,1162
3,1163
3,1164
3,1165
3,1166
3,1167
3,1168
3,1169
3,1170
3,1171
3,1172
3,1173
3,1174
3,1175
3,1176
3,1177
3,1178
3,1049
3,1093
3,1004
3,1070
3,1077
3,1013
3,1103
3,1015
3,1089
3,1016
3,1062
3,1125
3,1109
3,1039
3,1017
3,1018
3,1066
3,1087
3,1088
3,1007
3,1098
3,1011
3,1068
3,1078
3,1073
3,1058
3,1091
3,1094
3,1119
3,1120
3,1024
3,1030
3,1005
3,1128
3,1132
3,1080
3,1056
3,1121
3,1032
3,1085
3,1019
3,1086
3,1020
3,1027
3,1095
3,1074
3,1130
3,1097
3,1075
3,1129
3,1082
3,1014
3,1081
3,1059
4,1001
4,1022
4,1090
4,1060
4,1112
4,1067
4,1072
4,1113
4,1002
4,1092
4,1003
4,1048
4,1025
4,1071
4,1115
4,1051
4,1118
4,1053
4,1052
4,1117
4,1116
4,1028
4,1029
4,1096
4,1069
4,1114
4,1047
4,1076
4,1131
4,1046
4,1023
4,1006
4,1050
4,1026
4,1033
4,1057
4,1106
4,1083
4,1061
4,1123
4,1045
4,1008
4,1084
4,1105
4,1134
4,1135
4,1139
4,1054
4,1133
4,1099
4,1012
4,1036
4,1055
4,1031
4,1104
4,1035
4,1009
4,1037
4,1079
4,1100
4,1102
4,1122
4,1034
4,1101
4,1010
4,1065
4,1110
4,1038
4,1126
4,1127
4,1064
4,1107
4,1040
4,1108
4,1138
4,1136
4,1021
4,1137
4,1041
4,1042
4,1043
4,1063
4,1044
4,1124
4,1111
4,1140
4,1141
4,1142
4,1143
4,1144
4,1145
4,1146
4,1147
4,1148
4,1149
4,1150
4,1151
4,1152
4,1153
4,1154
4,1155
4,1156
4,1157
4,1158
4,1159
4,1160
4,1161
4,1162
4,1163
4,1164
4,1165
4,1166
4,1167
4,1168
4,1169
4,1170
4,1171
4,1172
4,1173
4,1174
4,1175
4,1176
4,1177
4,1178
4,1049
4,1093
4,1004
4,1070
4,1077
4,1013
4,1103
4,1015
4,1089
4,1016
4,1062
4,1125
4,1109
4,1039
4,1017
4,1018
4,1066
4,1087
4,1088
4,1007
4,1098
4,1011
4,1068
4,1078
4,1073
4,1058
4,1091
4,1094
4,1119
4,1120
4,1024
4,1030
4,1005
4,1128
4,1132
4,1080
4,1056
4,1121
4,1032
4,1085
4,1019
4,1086
4,1020
4,1027
4,1095
4,1074
4,1130
4,1097
4,1075
4,1129
4,1082
4,1014
4,1081
4,1059
35,1001
35,1022
35,1090
35,1060
35,1112
35,1067
35,1072
35,1113
35,1002
35,1092
35,1003
35,1048
35,1025
35,1071
35,1115
35,1051
35,1118
35,1053
35,1052
35,1117
35,1116
35,1028
35,1029
35,1096
35,1069
35,1114
35,1047
35,1076
35,1131
35,1046
35,1023
35,1006
35,1050
35,1026
35,1033
35,1057
35,1106
35,1083
35,1061
35,1123
35,1045
35,1008
35,1084
35,1105
35,1134
35,1135
35,1139
35,1054
35,1133
35,1099
35,1012
35,1036
35,1055
35,1031
35,1104
35,1035
35,1009
35,1037
35,1079
35,1100
35,1102
35,1122
35,1034
35,1101
35,1010
35,1065
35,1110
35,1038
35,1126
35,1127
35,1064
35,1107
35,1040
35,1108
35,1138
35,1136
35,1021
35,1137
35,1041
35,1042
35,1043
35,1063
35,1044
35,1124
35,1111
35,1140
35,1141
35,1142
35,1143
35,1144
35,1145
35,1146
35,1147
35,1148
35,1149
35,1150
35,1151
35,1152
35,1153
35,1154
35,1155
35,1156
35,1157
35,1158
35,1159
35,1160
35,1161
35,1162
35,1163
35,1164
35,1165
35,1166
35,1167
35,1168
35,1169
35,1170
35,1171
35,1172
35,1173
35,1174
35,1175
35,1176
35,1177
35,1178
35,1049
35,1093
35,1004
35,1070
35,1077
35,1013
35,1103
35,1015
35,1089
35,1016
35,1062
35,1125
35,1109
35,1039
35,1017
35,1018
35,1066
35,1087
35,1088
35,1007
35,1098
35,1011
35,1068
35,1078
35,1073
35,1058
35,1091
35,1094
35,1119
35,1120
35,1024
35,1030
35,1005
35,1128
35,1132
35,1080
35,1056
35,1121
35,1032
35,1085
35,1019
35,1086
35,1020
35,1027
35,1095
35,1074
35,1130
35,1097
35,1075
35,1129
35,1082
35,1014
35,1081
35,1059
33,1001
33,1022
33,1090
33,1060
33,1112
33,1067
33,1072
33,1113
33,1002
33,1092
33,1003
33,1048
33,1025
33,1071
33,1115
33,1051
33,1118
33,1053
33,1052
33,1117
33,1116
33,1028
33,1029
33,1096
33,1069
33,1114
33,1047
33,1076
33,1131
33,1046
33,1023
33,1006
33,1050
33,1026
33,1033
33,1057
33,1106
33,1083
33,1061
33,1123
33,1045
33,1008
33,1084
33,1105
33,1134
33,1135
33,1139
33,1054
33,1133
33,1099
33,1012
33,1036
33,1055
33,1031
33,1104
33,1035
33,1009
33,1037
33,1079
33,1100
33,1102
33,1122
33,1034
33,1101
33,1010
33,1065
33,1110
33,1038
33,1126
33,1127
33,1064
33,1107
33,1040
33,1108
33,1138
33,1136
33,1021
33,1137
33,1041
33,1042
33,1043
33,1063
33,1044
33,1124
33,1111
33,1140
33,1141
33,1142
33,1143
33,1144
33,1145
33,1146
33,1147
33,1148
33,1149
33,1150
33,1151
33,1152
33,1153
33,1154
33,1155
33,1156
33,1157
33,1158
33,1159
33,1160
33,1161
33,1162
33,1163
33,1164
33,1165
33,1166
33,1167
33,1168
33,1169
33,1170
33,1171
33,1172
33,1173
33,1174
33,1175
33,1176
33,1177
33,1178
33,1049
33,1093
33,1004
33,1070
33,1077
33,1013
33,1103
33,1015
33,1089
33,1016
33,1062
33,1125
33,1109
33,1039
33,1017
33,1018
33,1066
33,1087
33,1088
33,1007
33,1098
33,1011
33,1068
33,1078
33,1073
33,1058
33,1091
33,1094
33,1119
33,1120
33,1024
33,1030
33,1005
33,1128
33,1132
33,1080
33,1056
33,1121
33,1032
33,1085
33,1019
33,1086
33,1020
33,1027
33,1095
33,1074
33,1130
33,1097
33,1075
33,1129
33,1082
33,1014
33,1081
33,1059
36,1001
36,1022
36,1090
36,1060
36,1112
36,1067
36,1072
36,1113
36,1002
36,1092
36,1003
36,1048
36,1025
36,1071
36,1115
36,1051
36,1118
36,1053
36,1052
36,1117
36,1116
36,1028
36,1029
36,1096
36,1069
36,1114
36,1047
36,1076
36,1131
36,1046
36,1023
36,1006
36,1050
36,1026
36,1033
36,1057
36,1106
36,1083
36,1061
36,1123
36,1045
36,1008
36,1084
36,1105
36,1134
36,1135
36,1139
36,1054
36,1133
36,1099
36,1012
36,1036
36,1055
36,1031
36,1104
36,1035
36,1009
36,1037
36,1079
36,1100
36,1102
36,1122
36,1034
36,1101
36,1010
36,1065
36,1110
36,1038
36,1126
36,1127
36,1064
36,1107
36,1040
36,1108
36,1138
36,1136
36,1021
36,1137
36,1041
36,1042
36,1043
36,1063
36,1044
36,1124
36,1111
36,1140
36,1141
36,1142
36,1143
36,1144
36,1145
36,1146
36,1147
36,1148
36,1149
36,1150
36,1151
36,1152
36,1153
36,1154
36,1155
36,1156
36,1157
36,1158
36,1159
36,1160
36,1161
36,1162
36,1163
36,1164
36,1165
36,1166
36,1167
36,1168
36,1169
36,1170
36,1171
36,1172
36,1173
36,1174
36,1175
36,1176
36,1177
36,1178
36,1049
36,1093
36,1004
36,1070
36,1077
36,1013
36,1103
36,1015
36,1089
36,1016
36,1062
36,1125
36,1109
36,1039
36,1017
36,1018
36,1066
36,1087
36,1088
36,1007
36,1098
36,1011
36,1068
36,1078
36,1073
36,1058
36,1091
36,1094
36,1119
36,1120
36,1024
36,1030
36,1005
36,1128
36,1132
36,1080
36,1056
36,1121
36,1032
36,1085
36,1019
36,1086
36,1020
36,1027
36,1095
36,1074
36,1130
36,1097
36,1075
36,1129
36,1082
36,1014
36,1081
36,1059
63,1001
63,1022
63,1090
63,1060
63,1112
63,1067
63,1072
63,1113
63,1002
63,1092
63,1003
63,1048
63,1025
63,1071
63,1115
63,1051
63,1118
63,1053
63,1052
63,1117
63,1116
63,1028
63,1029
63,1096
63,1069
63,1114
63,1047
63,1076
63,1131
63,1046
63,1023
63,1006
63,1050
63,1026
63,1033
63,1057
63,1106
63,1083
63,1061
63,1123
63,1045
63,1008
63,1084
63,1105
63,1134
63,1135
63,1139
63,1054
63,1133
63,1099
63,1012
63,1036
63,1055
63,1031
63,1104
63,1035
63,1009
63,1037
63,1079
63,1100
63,1102
63,1122
63,1034
63,1101
63,1010
63,1065
63,1110
63,1038
63,1126
63,1127
63,1064
63,1107
63,1040
63,1108
63,1138
63,1136
63,1021
63,1137
63,1041
63,1042
63,1043
63,1063
63,1044
63,1124
63,1111
63,1140
63,1141
63,1142
63,1143
63,1144
63,1145
63,1146
63,1147
63,1148
63,1149
63,1150
63,1151
63,1152
63,1153
63,1154
63,1155
63,1156
63,1157
63,1158
63,1159
63,1160
63,1161
63,1162
63,1163
63,1164
63,1165
63,1166
63,1167
63,1168
63,1169
63,1170
63,1171
63,1172
63,1173
63,1174
63,1175
63,1176
63,1177
63,1178
63,1049
63,1093
63,1004
63,1070
63,1077
63,1013
63,1103
63,1015
63,1089
63,1016
63,1062
63,1125
63,1109
63,1039
63,1017
63,1018
63,1066
63,1087
63,1088
63,1007
63,1098
63,1011
63,1068
63,1078
63,1073
63,1058
63,1091
63,1094
63,1119
63,1120
63,1024
63,1030
63,1005
63,1128
63,1132
63,1080
63,1056
63,1121
63,1032
63,1085
63,1019
63,1086
63,1020
63,1027
63,1095
63,1074
63,1130
63,1097
63,1075
63,1129
63,1082
63,1014
63,1081
63,1059
61,1001
61,1022
61,1090
61,1060
61,1112
61,1067
61,1072
61,1113
61,1002
61,1092
61,1003
61,1048
61,1025
61,1071
61,1115
61,1051
61,1118
61,1053
61,1052
61,1117
61,1116
61,1028
61,1029
61,1096
61,1069
61,1114
61,1047
61,1076
61,1131
61,1046
61,1023
61,1006
61,1050
61,1026
61,1033
61,1057
61,1106
61,1083
61,1061
61,1123
61,1045
61,1008
61,1084
61,1105
61,1134
61,1135
61,1139
61,1054
61,1133
61,1099
61,1012
61,1036
61,1055
61,1031
61,1104
61,1035
61,1009
61,1037
61,1079
61,1100
61,1102
61,1122
61,1034
61,1101
61,1010
61,1065
61,1110
61,1038
61,1126
61,1127
61,1064
61,1107
61,1040
61,1108
61,1138
61,1136
61,1021
61,1137
61,1041
61,1042
61,1043
61,1063
61,1044
61,1124
61,1111
61,1140
61,1141
61,1142
61,1143
61,1144
61,1145
61,1146
61,1147
61,1148
61,1149
61,1150
61,1151
61,1152
61,1153
61,1154
61,1155
61,1156
61,1157
61,1158
61,1159
61,1160
61,1161
61,1162
61,1163
61,1164
61,1165
61,1166
61,1167
61,1168
61,1169
61,1170
61,1171
61,1172
61,1173
61,1174
61,1175
61,1176
61,1177
61,1178
61,1049
61,1093
61,1004
61,1070
61,1077
61,1013
61,1103
61,1015
61,1089
61,1016
61,1062
61,1125
61,1109
61,1039
61,1017
61,1018
61,1066
61,1087
61,1088
61,1007
61,1098
61,1011
61,1068
61,1078
61,1073
61,1058
61,1091
61,1094
61,1119
61,1120
61,1024
61,1030
61,1005
61,1128
61,1132
61,1080
61,1056
61,1121
61,1032
61,1085
61,1019
61,1086
61,1020
61,1027
61,1095
61,1074
61,1130
61,1097
61,1075
61,1129
61,1082
61,1014
61,1081
61,1059
62,1001
62,1022
62,1090
62,1060
62,1112
62,1067
62,1072
62,1113
62,1002
62,1092
62,1003
62,1048
62,1025
62,1071
62,1115
62,1051
62,1118
62,1053
62,1052
62,1117
62,1116
62,1028
62,1029
62,1096
62,1069
62,1114
62,1047
62,1076
62,1131
62,1046
62,1023
62,1006
62,1050
62,1026
62,1033
62,1057
62,1106
62,1083
62,1061
62,1123
62,1045
62,1008
62,1084
62,1105
62,1134
62,1135
62,1139
62,1054
62,1133
62,1099
62,1012
62,1036
62,1055
62,1031
62,1104
62,1035
62,1009
62,1037
62,1079
62,1100
62,1102
62,1122
62,1034
62,1101
62,1010
62,1065
62,1110
62,1038
62,1126
62,1127
62,1064
62,1107
62,1040
62,1108
62,1138
62,1136
62,1021
62,1137
62,1041
62,1042
62,1043
62,1063
62,1044
62,1124
62,1111
62,1140
62,1141
62,1142
62,1143
62,1144
62,1145
62,1146
62,1147
62,1148
62,1149
62,1150
62,1151
62,1152
62,1153
62,1154
62,1155
62,1156
62,1157
62,1158
62,1159
62,1160
62,1161
62,1162
62,1163
62,1164
62,1165
62,1166
62,1167
62,1168
62,1169
62,1170
62,1171
62,1172
62,1173
62,1174
62,1175
62,1176
62,1177
62,1178
62,1049
62,1093
62,1004
62,1070
62,1077
62,1013
62,1103
62,1015
62,1089
62,1016
62,1062
62,1125
62,1109
62,1039
62,1017
62,1018
62,1066
62,1087
62,1088
62,1007
62,1098
62,1011
62,1068
62,1078
62,1073
62,1058
62,1091
62,1094
62,1119
62,1120
62,1024
62,1030
62,1005
62,1128
62,1132
62,1080
62,1056
62,1121
62,1032
62,1085
62,1019
62,1086
62,1020
62,1027
62,1095
62,1074
62,1130
62,1097
62,1075
62,1129
62,1082
62,1014
62,1081
62,1059
66,1001
66,1022
66,1090
66,1060
66,1112
66,1067
66,1072
66,1113
66,1002
66,1092
66,1003
66,1048
66,1025
66,1071
66,1115
66,1051
66,1118
66,1053
66,1052
66,1117
66,1116
66,1028
66,1029
66,1096
66,1069
66,1114
66,1047
66,1076
66,1131
66,1046
66,1023
66,1006
66,1050
66,1026
66,1033
66,1057
66,1106
66,1083
66,1061
66,1123
66,1045
66,1008
66,1084
66,1105
66,1134
66,1135
66,1139
66,1054
66,1133
66,1099
66,1012
66,1036
66,1055
66,1031
66,1104
66,1035
66,1009
66,1037
66,1079
66,1100
66,1102
66,1122
66,1034
66,1101
66,1010
66,1065
66,1110
66,1038
66,1126
66,1127
66,1064
66,1107
66,1040
66,1108
66,1138
66,1136
66,1021
66,1137
66,1041
66,1042
66,1043
66,1063
66,1044
66,1124
66,1111
66,1140
66,1141
66,1142
66,1143
66,1144
66,1145
66,1146
66,1147
66,1148
66,1149
66,1150
66,1151
66,1152
66,1153
66,1154
66,1155
66,1156
66,1157
66,1158
66,1159
66,1160
66,1161
66,1162
66,1163
66,1164
66,1165
66,1166
66,1167
66,1168
66,1169
66,1170
66,1171
66,1172
66,1173
66,1174
66,1175
66,1176
66,1177
66,1178
66,1049
66,1093
66,1004
66,1070
66,1077
66,1013
66,1103
66,1015
66,1089
66,1016
66,1062
66,1125
66,1109
66,1039
66,1017
66,1018
66,1066
66,1087
66,1088
66,1007
66,1098
66,1011
66,1068
66,1078
66,1073
66,1058
66,1091
66,1094
66,1119
66,1120
66,1024
66,1030
66,1005
66,1128
66,1132
66,1080
66,1056
66,1121
66,1032
66,1085
66,1019
66,1086
66,1020
66,1027
66,1095
66,1074
66,1130
66,1097
66,1075
66,1129
66,1082
66,1014
66,1081
66,1059
68,1001
68,1022
68,1090
68,1060
68,1112
68,1067
68,1072
68,1113
68,1002
68,1092
68,1003
68,1048
68,1025
68,1071
68,1115
68,1051
68,1118
68,1053
68,1052
68,1117
68,1116
68,1028
68,1029
68,1096
68,1069
68,1114
68,1047
68,1076
68,1131
68,1046
68,1023
68,1006
68,1050
68,1026
68,1033
68,1057
68,1106
68,1083
68,1061
68,1123
68,1045
68,1008
68,1084
68,1105
68,1134
68,1135
68,1139
68,1054
68,1133
68,1099
68,1012
68,1036
68,1055
68,1031
68,1104
68,1035
68,1009
68,1037
68,1079
68,1100
68,1102
68,1122
68,1034
68,1101
68,1010
68,1065
68,1110
68,1038
68,1126
68,1127
68,1064
68,1107
68,1040
68,1108
68,1138
68,1136
68,1021
68,1137
68,1041
68,1042
68,1043
68,1063
68,1044
68,1124
68,1111
68,1140
68,1141
68,1142
68,1143
68,1144
68,1145
68,1146
68,1147
68,1148
68,1149
68,1150
68,1151
68,1152
68,1153
68,1154
68,1155
68,1156
68,1157
68,1158
68,1159
68,1160
68,1161
68,1162
68,1163
68,1164
68,1165
68,1166
68,1167
68,1168
68,1169
68,1170
68,1171
68,1172
68,1173
68,1174
68,1175
68,1176
68,1177
68,1178
68,1049
68,1093
68,1004
68,1070
68,1077
68,1013
68,1103
68,1015
68,1089
68,1016
68,1062
68,1125
68,1109
68,1039
68,1017
68,1018
68,1066
68,1087
68,1088
68,1007
68,1098
68,1011
68,1068
68,1078
68,1073
68,1058
68,1091
68,1094
68,1119
68,1120
68,1024
68,1030
68,1005
68,1128
68,1132
68,1080
68,1056
68,1121
68,1032
68,1085
68,1019
68,1086
68,1020
68,1027
68,1095
68,1074
68,1130
68,1097
68,1075
68,1129
68,1082
68,1014
68,1081
68,1059
73,1001
73,1022
73,1090
73,1060
73,1112
73,1067
73,1072
73,1113
73,1002
73,1092
73,1003
73,1048
73,1025
73,1071
73,1115
73,1051
73,1118
73,1053
73,1052
73,1117
73,1116
73,1028
73,1029
73,1096
73,1069
73,1114
73,1047
73,1076
73,1131
73,1046
73,1023
73,1006
73,1050
73,1026
73,1033
73,1057
73,1106
73,1083
73,1061
73,1123
73,1045
73,1008
73,1084
73,1105
73,1134
73,1135
73,1139
73,1054
73,1133
73,1099
73,1012
73,1036
73,1055
73,1031
73,1104
73,1035
73,1009
73,1037
73,1079
73,1100
73,1102
73,1122
73,1034
73,1101
73,1010
73,1065
73,1110
73,1038
73,1126
73,1127
73,1064
73,1107
73,1040
73,1108
73,1138
73,1136
73,1021
73,1137
73,1041
73,1042
73,1043
73,1063
73,1044
73,1124
73,1111
73,1140
73,1141
73,1142
73,1143
73,1144
73,1145
73,1146
73,1147
73,1148
73,1149
73,1150
73,1151
73,1152
73,1153
73,1154
73,1155
73,1156
73,1157
73,1158
73,1159
73,1160
73,1161
73,1162
73,1163
73,1164
73,1165
73,1166
73,1167
73,1168
73,1169
73,1170
73,1171
73,1172
73,1173
73,1174
73,1175
73,1176
73,1177
73,1178
73,1049
73,1093
73,1004
73,1070
73,1077
73,1013
73,1103
73,1015
73,1089
73,1016
73,1062
73,1125
73,1109
73,1039
73,1017
73,1018
73,1066
73,1087
73,1088
73,1007
73,1098
73,1011
73,1068
73,1078
73,1073
73,1058
73,1091
73,1094
73,1119
73,1120
73,1024
73,1030
73,1005
73,1128
73,1132
73,1080
73,1056
73,1121
73,1032
73,1085
73,1019
73,1086
73,1020
73,1027
73,1095
73,1074
73,1130
73,1097
73,1075
73,1129
73,1082
73,1014
73,1081
73,1059
24,1001
24,1022
24,1090
24,1060
24,1112
24,1067
24,1072
24,1113
24,1002
24,1092
24,1003
24,1048
24,1025
24,1071
24,1115
24,1051
24,1118
24,1053
24,1052
24,1117
24,1116
24,1028
24,1029
24,1096
24,1069
24,1114
24,1047
24,1076
24,1131
24,1046
24,1023
24,1006
24,1050
24,1026
24,1033
24,1057
24,1106
24,1083
24,1061
24,1123
24,1045
24,1008
24,1084
24,1105
24,1134
24,1135
24,1139
24,1054
24,1133
24,1099
24,1012
24,1036
24,1055
24,1031
24,1104
24,1035
24,1009
24,1037
24,1079
24,1100
24,1102
24,1122
24,1034
24,1101
24,1010
24,1065
24,1110
24,1038
24,1126
24,1127
24,1064
24,1107
24,1040
24,1108
24,1138
24,1136
24,1021
24,1137
24,1041
24,1042
24,1043
24,1063
24,1044
24,1124
24,1111
24,1140
24,1141
24,1142
24,1143
24,1144
24,1145
24,1146
24,1147
24,1148
24,1149
24,1150
24,1151
24,1152
24,1153
24,1154
24,1155
24,1156
24,1157
24,1158
24,1159
24,1160
24,1161
24,1162
24,1163
24,1164
24,1165
24,1166
24,1167
24,1168
24,1169
24,1170
24,1171
24,1172
24,1173
24,1174
24,1175
24,1176
24,1177
24,1178
24,1049
24,1093
24,1004
24,1070
24,1077
24,1013
24,1103
24,1015
24,1089
24,1016
24,1062
24,1125
24,1109
24,1039
24,1017
24,1018
24,1066
24,1087
24,1088
24,1007
24,1098
24,1011
24,1068
24,1078
24,1073
24,1058
24,1091
24,1094
24,1119
24,1120
24,1024
24,1030
24,1005
24,1128
24,1132
24,1080
24,1056
24,1121
24,1032
24,1085
24,1019
24,1086
24,1020
24,1027
24,1095
24,1074
24,1130
24,1097
24,1075
24,1129
24,1082
24,1014
24,1081
24,1059
69,1001
69,1022
69,1090
69,1060
69,1112
69,1067
69,1072
69,1113
69,1002
69,1092
69,1003
69,1048
69,1025
69,1071
69,1115
69,1051
69,1118
69,1053
69,1052
69,1117
69,1116
69,1028
69,1029
69,1096
69,1069
69,1114
69,1047
69,1076
69,1131
69,1046
69,1023
69,1006
69,1050
69,1026
69,1033
69,1057
69,1106
69,1083
69,1061
69,1123
69,1045
69,1008
69,1084
69,1105
69,1134
69,1135
69,1139
69,1054
69,1133
69,1099
69,1012
69,1036
69,1055
69,1031
69,1104
69,1035
69,1009
69,1037
69,1079
69,1100
69,1102
69,1122
69,1034
69,1101
69,1010
69,1065
69,1110
69,1038
69,1126
69,1127
69,1064
69,1107
69,1040
69,1108
69,1138
69,1136
69,1021
69,1137
69,1041
69,1042
69,1043
69,1063
69,1044
69,1124
69,1111
69,1140
69,1141
69,1142
69,1143
69,1144
69,1145
69,1146
69,1147
69,1148
69,1149
69,1150
69,1151
69,1152
69,1153
69,1154
69,1155
69,1156
69,1157
69,1158
69,1159
69,1160
69,1161
69,1162
69,1163
69,1164
69,1165
69,1166
69,1167
69,1168
69,1169
69,1170
69,1171
69,1172
69,1173
69,1174
69,1175
69,1176
69,1177
69,1178
69,1049
69,1093
69,1004
69,1070
69,1077
69,1013
69,1103
69,1015
69,1089
69,1016
69,1062
69,1125
69,1109
69,1039
69,1017
69,1018
69,1066
69,1087
69,1088
69,1007
69,1098
69,1011
69,1068
69,1078
69,1073
69,1058
69,1091
69,1094
69,1119
69,1120
69,1024
69,1030
69,1005
69,1128
69,1132
69,1080
69,1056
69,1121
69,1032
69,1085
69,1019
69,1086
69,1020
69,1027
69,1095
69,1074
69,1130
69,1097
69,1075
69,1129
69,1082
69,1014
69,1081
69,1059
