Binol,Ligand
1,1001
1,1002
1,1003
1,1004
1,1005
1,1006
1,1007
1,1008
1,1009
1,1010
1,1011
1,1012
1,1013
1,1014
1,1015
1,1016
1,1017
1,1018
1,1019
1,1020
1,1021
1,1022
1,1023
1,1024
1,1025
1,1026
1,1027
1,1028
1,1029
1,1030
1,1031
1,1032
1,1033
1,1034
1,1035
1,1036
1,1037
1,1038
1,1039
1,1040
1,1041
1,1042
1,1043
1,1044
1,1045
1,1046
1,1047
1,1048
1,1049
1,1050
1,1051
1,1052
1,1053
1,1054
1,1055
1,1056
1,1057
1,1058
1,1059
1,1060
1,1061
1,1062
1,1063
1,1064
1,1065
1,1066
1,1067
1,1068
1,1069
1,1070
1,1071
1,1072
1,1073
1,1074
1,1075
1,1076
1,1077
1,1078
1,1079
1,1080
1,1081
1,1082
1,1083
1,1084
1,1085
1,1086
1,1087
1,1088
1,1089
1,1090
1,1091
1,1092
1,1093
1,1094
1,1095
1,1096
1,1097
1,1098
1,1099
1,1100
1,1101
1,1102
1,1103
1,1104
1,1105
1,1106
1,1107
1,1108
1,1109
1,1110
1,1111
1,1112
1,1113
1,1114
1,1115
1,1116
1,1117
1,1118
1,1119
1,1120
1,1121
1,1122
1,1123
1,1124
1,1125
1,1126
1,1127
1,1128
1,1129
1,1130
1,1131
1,1132
1,1133
1,1134
1,1135
1,1136
1,1137
1,1138
1,1139
1,1140
1,1141
1,1142
1,1143
1,1144
1,1145
1,1146
1,1147
1,1148
1,1149
1,1150
1,1151
1,1152
1,1153
1,1154
1,1155
1,1156
1,1157
1,1158
1,1159
1,1160
1,1161
1,1162
1,1163
1,1164
1,1165
1,1166
1,1167
1,1168
1,1169
1,1170
1,1171
1,1172
1,1173
1,1174
1,1175
1,1176
1,1177
1,1178
2,1001
2,1002
2,1003
2,1004
2,1005
2,1006
2,1007
2,1008
2,1009
2,1010
2,1011
2,1012
2,1013
2,1014
2,1015
2,1016
2,1017
2,1018
2,1019
2,1020
2,1021
2,1022
2,1023
2,1024
2,1025
2,1026
2,1027
2,1028
2,1029
2,1030
2,1031
2,1032
2,1033
2,1034
2,1035
2,1036
2,1037
2,1038
2,1039
2,1040
2,1041
2,1042
2,1043
2,1044
2,1045
2,1046
2,1047
2,1048
2,1049
2,1050
2,1051
2,1052
2,1053
2,1054
2,1055
2,1056
2,1057
2,1058
2,1059
2,1060
2,1061
2,1062
2,1063
2,1064
2,1065
2,1066
2,1067
2,1068
2,1069
2,1070
2,1071
2,1072
2,1073
2,1074
2,1075
2,1076
2,1077
2,1078
2,1079
2,1080
2,1081
2,1082
2,1083
2,1084
2,1085
2,1086
2,1087
2,1088
2,1089
2,1090
2,1091
2,1092
2,1093
2,1094
2,1095
2,1096
2,1097
2,1098
2,1099
2,1100
2,1101
2,1102
2,1103
2,1104
2,1105
2,1106
2,1107
2,1108
2,1109
2,1110
2,1111
2,1112
2,1113
2,1114
2,1115
2,1116
2,1117
2,1118
2,1119
2,1120
2,1121
2,1122
2,1123
2,1124
2,1125
2,1126
2,1127
2,1128
2,1129
2,1130
2,1131
2,1132
2,1133
2,1134
2,1135
2,1136
2,1137
2,1138
2,1139
2,1140
2,1141
2,1142
2,1143
2,1144
2,1145
2,1146
2,1147
2,1148
2,1149
2,1150
2,1151
2,1152
2,1153
2,1154
2,1155
2,1156
2,1157
2,1158
2,1159
2,1160
2,1161
2,1162
2,1163
2,1164
2,1165
2,1166
2,1167
2,1168
2,1169
2,1170
2,1171
2,1172
2,1173
2,1174
2,1175
2,1176
2,1177
2,1178
3,1001
3,1002
3,1003
3,1004
3,1005
3,1006
3,1007
3,1008
3,1009
3,1010
3,1011
3,1012
3,1013
3,1014
3,1015
3,1016
3,1017
3,1018
3,1019
3,1020
3,1021
3,1022
3,1023
3,1024
3,1025
3,1026
3,1027
3,1028
3,1029
3,1030
3,1031
3,1032
3,1033
3,1034
3,1035
3,1036
3,1037
3,1038
3,1039
3,1040
3,1041
3,1042
3,1043
3,1044
3,1045
3,1046
3,1047
3,1048
3,1049
3,1050
3,1051
3,1052
3,1053
3,1054
3,1055
3,1056
3,1057
3,1058
3,1059
3,1060
3,1061
3,1062
3,1063
3,1064
3,1065
3,1066
3,1067
3,1068
3,1069
3,1070
3,1071
3,1072
3,1073
3,1074
3,1075
3,1076
3,1077
3,1078
3,1079
3,1080
3,1081
3,1082
3,1083
3,1084
3,1085
3,1086
3,1087
3,1088
3,1089
3,1090
3,1091
3,1092
3,1093
3,1094
3,1095
3,1096
3,1097
3,1098
3,1099
3,1100
3,1101
3,1102
3,1103
3,1104
3,1105
3,1106
3,1107
3,1108
3,1109
3,1110
3,1111
3,1112
3,1113
3,1114
3,1115
3,1116
3,1117
3,1118
3,1119
3,1120
3,1121
3,1122
3,1123
3,1124
3,1125
3,1126
3,1127
3,1128
3,1129
3,1130
3,1131
3,1132
3,1133
3,1134
3,1135
3,1136
3,1137
3,1138
3,1139
3,1140
3,1141
3,1142
3,1143
3,1144
3,1145
3,1146
3,1147
3,1148
3,1149
3,1150
3,1151
3,1152
3,1153
3,1154
3,1155
3,1156
3,1157
3,1158
3,1159
3,1160
3,1161
3,1162
3,1163
3,1164
3,1165
3,1166
3,1167
3,1168
3,1169
3,1170
3,1171
3,1172
3,1173
3,1174
3,1175
3,1176
3,1177
3,1178
4,1001
4,1002
4,1003
4,1004
4,1005
4,1006
4,1007
4,1008
4,1009
4,1010
4,1011
4,1012
4,1013
4,1014
4,1015
4,1016
4,1017
4,1018
4,1019
4,1020
4,1021
4,1022
4,1023
4,1024
4,1025
4,1026
4,1027
4,1028
4,1029
4,1030
4,1031
4,1032
4,1033
4,1034
4,1035
4,1036
4,1037
4,1038
4,1039
4,1040
4,1041
4,1042
4,1043
4,1044
4,1045
4,1046
4,1047
4,1048
4,1049
4,1050
4,1051
4,1052
4,1053
4,1054
4,1055
4,1056
4,1057
4,1058
4,1059
4,1060
4,1061
4,1062
4,1063
4,1064
4,1065
4,1066
4,1067
4,1068
4,1069
4,1070
4,1071
4,1072
4,1073
4,1074
4,1075
4,1076
4,1077
4,1078
4,1079
4,1080
4,1081
4,1082
4,1083
4,1084
4,1085
4,1086
4,1087
4,1088
4,1089
4,1090
4,1091
4,1092
4,1093
4,1094
4,1095
4,1096
4,1097
4,1098
4,1099
4,1100
4,1101
4,1102
4,1103
4,1104
4,1105
4,1106
4,1107
4,1108
4,1109
4,1110
4,1111
4,1112
4,1113
4,1114
4,1115
4,1116
4,1117
4,1118
4,1119
4,1120
4,1121
4,1122
4,1123
4,1124
4,1125
4,1126
4,1127
4,1128
4,1129
4,1130
4,1131
4,1132
4,1133
4,1134
4,1135
4,1136
4,1137
4,1138
4,1139
4,1140
4,1141
4,1142
4,1143
4,1144
4,1145
4,1146
4,1147
4,1148
4,1149
4,1150
4,1151
4,1152
4,1153
4,1154
4,1155
4,1156
4,1157
4,1158
4,1159
4,1160
4,1161
4,1162
4,1163
4,1164
4,1165
4,1166
4,1167
4,1168
4,1169
4,1170
4,1171
4,1172
4,1173
4,1174
4,1175
4,1176
4,1177
4,1178
5,1001
5,1002
5,1003
5,1004
5,1005
5,1006
5,1007
5,1008
5,1009
5,1010
5,1011
5,1012
5,1013
5,1014
5,1015
5,1016
5,1017
5,1018
5,1019
5,1020
5,1021
5,1022
5,1023
5,1024
5,1025
5,1026
5,1027
5,1028
5,1029
5,1030
5,1031
5,1032
5,1033
5,1034
5,1035
5,1036
5,1037
5,1038
5,1039
5,1040
5,1041
5,1042
5,1043
5,1044
5,1045
5,1046
5,1047
5,1048
5,1049
5,1050
5,1051
5,1052
5,1053
5,1054
5,1055
5,1056
5,1057
5,1058
5,1059
5,1060
5,1061
5,1062
5,1063
5,1064
5,1065
5,1066
5,1067
5,1068
5,1069
5,1070
5,1071
5,1072
5,1073
5,1074
5,1075
5,1076
5,1077
5,1078
5,1079
5,1080
5,1081
5,1082
5,1083
5,1084
5,1085
5,1086
5,1087
5,1088
5,1089
5,1090
5,1091
5,1092
5,1093
5,1094
5,1095
5,1096
5,1097
5,1098
5,1099
5,1100
5,1101
5,1102
5,1103
5,1104
5,1105
5,1106
5,1107
5,1108
5,1109
5,1110
5,1111
5,1112
5,1113
5,1114
5,1115
5,1116
5,1117
5,1118
5,1119
5,1120
5,1121
5,1122
5,1123
5,1124
5,1125
5,1126
5,1127
5,1128
5,1129
5,1130
5,1131
5,1132
5,1133
5,1134
5,1135
5,1136
5,1137
5,1138
5,1139
5,1140
5,1141
5,1142
5,1143
5,1144
5,1145
5,1146
5,1147
5,1148
5,1149
5,1150
5,1151
5,1152
5,1153
5,1154
5,1155
5,1156
5,1157
5,1158
5,1159
5,1160
5,1161
5,1162
5,1163
5,1164
5,1165
5,1166
5,1167
5,1168
5,1169
5,1170
5,1171
5,1172
5,1173
5,1174
5,1175
5,1176
5,1177
5,1178
6,1001
6,1002
6,1003
6,1004
6,1005
6,1006
6,1007
6,1008
6,1009
6,1010
6,1011
6,1012
6,1013
6,1014
6,1015
6,1016
6,1017
6,1018
6,1019
6,1020
6,1021
6,1022
6,1023
6,1024
6,1025
6,1026
6,1027
6,1028
6,1029
6,1030
6,1031
6,1032
6,1033
6,1034
6,1035
6,1036
6,1037
6,1038
6,1039
6,1040
6,1041
6,1042
6,1043
6,1044
6,1045
6,1046
6,1047
6,1048
6,1049
6,1050
6,1051
6,1052
6,1053
6,1054
6,1055
6,1056
6,1057
6,1058
6,1059
6,1060
6,1061
6,1062
6,1063
6,1064
6,1065
6,1066
6,1067
6,1068
6,1069
6,1070
6,1071
6,1072
6,1073
6,1074
6,1075
6,1076
6,1077
6,1078
6,1079
6,1080
6,1081
6,1082
6,1083
6,1084
6,1085
6,1086
6,1087
6,1088
6,1089
6,1090
6,1091
6,1092
6,1093
6,1094
6,1095
6,1096
6,1097
6,1098
6,1099
6,1100
6,1101
6,1102
6,1103
6,1104
6,1105
6,1106
6,1107
6,1108
6,1109
6,1110
6,1111
6,1112
6,1113
6,1114
6,1115
6,1116
6,1117
6,1118
6,1119
6,1120
6,1121
6,1122
6,1123
6,1124
6,1125
6,1126
6,1127
6,1128
6,1129
6,1130
6,1131
6,1132
6,1133
6,1134
6,1135
6,1136
6,1137
6,1138
6,1139
6,1140
6,1141
6,1142
6,1143
6,1144
6,1145
6,1146
6,1147
6,1148
6,1149
6,1150
6,1151
6,1152
6,1153
6,1154
6,1155
6,1156
6,1157
6,1158
6,1159
6,1160
6,1161
6,1162
6,1163
6,1164
6,1165
6,1166
6,1167
6,1168
6,1169
6,1170
6,1171
6,1172
6,1173
6,1174
6,1175
6,1176
6,1177
6,1178
7,1001
7,1002
7,1003
7,1004
7,1005
7,1006
7,1007
7,1008
7,1009
7,1010
7,1011
7,1012
7,1013
7,1014
7,1015
7,1016
7,1017
7,1018
7,1019
7,1020
7,1021
7,1022
7,1023
7,1024
7,1025
7,1026
7,1027
7,1028
7,1029
7,1030
7,1031
7,1032
7,1033
7,1034
7,1035
7,1036
7,1037
7,1038
7,1039
7,1040
7,1041
7,1042
7,1043
7,1044
7,1045
7,1046
7,1047
7,1048
7,1049
7,1050
7,1051
7,1052
7,1053
7,1054
7,1055
7,1056
7,1057
7,1058
7,1059
7,1060
7,1061
7,1062
7,1063
7,1064
7,1065
7,1066
7,1067
7,1068
7,1069
7,1070
7,1071
7,1072
7,1073
7,1074
7,1075
7,1076
7,1077
7,1078
7,1079
7,1080
7,1081
7,1082
7,1083
7,1084
7,1085
7,1086
7,1087
7,1088
7,1089
7,1090
7,1091
7,1092
7,1093
7,1094
7,1095
7,1096
7,1097
7,1098
7,1099
7,1100
7,1101
7,1102
7,1103
7,1104
7,1105
7,1106
7,1107
7,1108
7,1109
7,1110
7,1111
7,1112
7,1113
7,1114
7,1115
7,1116
7,1117
7,1118
7,1119
7,1120
7,1121
7,1122
7,1123
7,1124
7,1125
7,1126
7,1127
7,1128
7,1129
7,1130
7,1131
7,1132
7,1133
7,1134
7,1135
7,1136
7,1137
7,1138
7,1139
7,1140
7,1141
7,1142
7,1143
7,1144
7,1145
7,1146
7,1147
7,1148
7,1149
7,1150
7,1151
7,1152
7,1153
7,1154
7,1155
7,1156
7,1157
7,1158
7,1159
7,1160
7,1161
7,1162
7,1163
7,1164
7,1165
7,1166
7,1167
7,1168
7,1169
7,1170
7,1171
7,1172
7,1173
7,1174
7,1175
7,1176
7,1177
7,1178
8,1001
8,1002
8,1003
8,1004
8,1005
8,1006
8,1007
8,1008
8,1009
8,1010
8,1011
8,1012
8,1013
8,1014
8,1015
8,1016
8,1017
8,1018
8,1019
8,1020
8,1021
8,1022
8,1023
8,1024
8,1025
8,1026
8,1027
8,1028
8,1029
8,1030
8,1031
8,1032
8,1033
8,1034
8,1035
8,1036
8,1037
8,1038
8,1039
8,1040
8,1041
8,1042
8,1043
8,1044
8,1045
8,1046
8,1047
8,1048
8,1049
8,1050
8,1051
8,1052
8,1053
8,1054
8,1055
8,1056
8,1057
8,1058
8,1059
8,1060
8,1061
8,1062
8,1063
8,1064
8,1065
8,1066
8,1067
8,1068
8,1069
8,1070
8,1071
8,1072
8,1073
8,1074
8,1075
8,1076
8,1077
8,1078
8,1079
8,1080
8,1081
8,1082
8,1083
8,1084
8,1085
8,1086
8,1087
8,1088
8,1089
8,1090
8,1091
8,1092
8,1093
8,1094
8,1095
8,1096
8,1097
8,1098
8,1099
8,1100
8,1101
8,1102
8,1103
8,1104
8,1105
8,1106
8,1107
8,1108
8,1109
8,1110
8,1111
8,1112
8,1113
8,1114
8,1115
8,1116
8,1117
8,1118
8,1119
8,1120
8,1121
8,1122
8,1123
8,1124
8,1125
8,1126
8,1127
8,1128
8,1129
8,1130
8,1131
8,1132
8,1133
8,1134
8,1135
8,1136
8,1137
8,1138
8,1139
8,1140
8,1141
8,1142
8,1143
8,1144
8,1145
8,1146
8,1147
8,1148
8,1149
8,1150
8,1151
8,1152
8,1153
8,1154
8,1155
8,1156
8,1157
8,1158
8,1159
8,1160
8,1161
8,1162
8,1163
8,1164
8,1165
8,1166
8,1167
8,1168
8,1169
8,1170
8,1171
8,1172
8,1173
8,1174
8,1175
8,1176
8,1177
8,1178
9,1001
9,1002
9,1003
9,1004
9,1005
9,1006
9,1007
9,1008
9,1009
9,1010
9,1011
9,1012
9,1013
9,1014
9,1015
9,1016
9,1017
9,1018
9,1019
9,1020
9,1021
9,1022
9,1023
9,1024
9,1025
9,1026
9,1027
9,1028
9,1029
9,1030
9,1031
9,1032
9,1033
9,1034
9,1035
9,1036
9,1037
9,1038
9,1039
9,1040
9,1041
9,1042
9,1043
9,1044
9,1045
9,1046
9,1047
9,1048
9,1049
9,1050
9,1051
9,1052
9,1053
9,1054
9,1055
9,1056
9,1057
9,1058
9,1059
9,1060
9,1061
9,1062
9,1063
9,1064
9,1065
9,1066
9,1067
9,1068
9,1069
9,1070
9,1071
9,1072
9,1073
9,1074
9,1075
9,1076
9,1077
9,1078
9,1079
9,1080
9,1081
9,1082
9,1083
9,1084
9,1085
9,1086
9,1087
9,1088
9,1089
9,1090
9,1091
9,1092
9,1093
9,1094
9,1095
9,1096
9,1097
9,1098
9,1099
9,1100
9,1101
9,1102
9,1103
9,1104
9,1105
9,1106
9,1107
9,1108
9,1109
9,1110
9,1111
9,1112
9,1113
9,1114
9,1115
9,1116
9,1117
9,1118
9,1119
9,1120
9,1121
9,1122
9,1123
9,1124
9,1125
9,1126
9,1127
9,1128
9,1129
9,1130
9,1131
9,1132
9,1133
9,1134
9,1135
9,1136
9,1137
9,1138
9,1139
9,1140
9,1141
9,1142
9,1143
9,1144
9,1145
9,1146
9,1147
9,1148
9,1149
9,1150
9,1151
9,1152
9,1153
9,1154
9,1155
9,1156
9,1157
9,1158
9,1159
9,1160
9,1161
9,1162
9,1163
9,1164
9,1165
9,1166
9,1167
9,1168
9,1169
9,1170
9,1171
9,1172
9,1173
9,1174
9,1175
9,1176
9,1177
9,1178
10,1001
10,1002
10,1003
10,1004
10,1005
10,1006
10,1007
10,1008
10,1009
10,1010
10,1011
10,1012
10,1013
10,1014
10,1015
10,1016
10,1017
10,1018
10,1019
10,1020
10,1021
10,1022
10,1023
10,1024
10,1025
10,1026
10,1027
10,1028
10,1029
10,1030
10,1031
10,1032
10,1033
10,1034
10,1035
10,1036
10,1037
10,1038
10,1039
10,1040
10,1041
10,1042
10,1043
10,1044
10,1045
10,1046
10,1047
10,1048
10,1049
10,1050
10,1051
10,1052
10,1053
10,1054
10,1055
10,1056
10,1057
10,1058
10,1059
10,1060
10,1061
10,1062
10,1063
10,1064
10,1065
10,1066
10,1067
10,1068
10,1069
10,1070
10,1071
10,1072
10,1073
10,1074
10,1075
10,1076
10,1077
10,1078
10,1079
10,1080
10,1081
10,1082
10,1083
10,1084
10,1085
10,1086
10,1087
10,1088
10,1089
10,1090
10,1091
10,1092
10,1093
10,1094
10,1095
10,1096
10,1097
10,1098
10,1099
10,1100
10,1101
10,1102
10,1103
10,1104
10,1105
10,1106
10,1107
10,1108
10,1109
10,1110
10,1111
10,1112
10,1113
10,1114
10,1115
10,1116
10,1117
10,1118
10,1119
10,1120
10,1121
10,1122
10,1123
10,1124
10,1125
10,1126
10,1127
10,1128
10,1129
10,1130
10,1131
10,1132
10,1133
10,1134
10,1135
10,1136
10,1137
10,1138
10,1139
10,1140
10,1141
10,1142
10,1143
10,1144
10,1145
10,1146
10,1147
10,1148
10,1149
10,1150
10,1151
10,1152
10,1153
10,1154
10,1155
10,1156
10,1157
10,1158
10,1159
10,1160
10,1161
10,1162
10,1163
10,1164
10,1165
10,1166
10,1167
10,1168
10,1169
10,1170
10,1171
10,1172
10,1173
10,1174
10,1175
10,1176
10,1177
10,1178
11,1001
11,1002
11,1003
11,1004
11,1005
11,1006
11,1007
11,1008
11,1009
11,1010
11,1011
11,1012
11,1013
11,1014
11,1015
11,1016
11,1017
11,1018
11,1019
11,1020
11,1021
11,1022
11,1023
11,1024
11,1025
11,1026
11,1027
11,1028
11,1029
11,1030
11,1031
11,1032
11,1033
11,1034
11,1035
11,1036
11,1037
11,1038
11,1039
11,1040
11,1041
11,1042
11,1043
11,1044
11,1045
11,1046
11,1047
11,1048
11,1049
11,1050
11,1051
11,1052
11,1053
11,1054
11,1055
11,1056
11,1057
11,1058
11,1059
11,1060
11,1061
11,1062
11,1063
11,1064
11,1065
11,1066
11,1067
11,1068
11,1069
11,1070
11,1071
11,1072
11,1073
11,1074
11,1075
11,1076
11,1077
11,1078
11,1079
11,1080
11,1081
11,1082
11,1083
11,1084
11,1085
11,1086
11,1087
11,1088
11,1089
11,1090
11,1091
11,1092
11,1093
11,1094
11,1095
11,1096
11,1097
11,1098
11,1099
11,1100
11,1101
11,1102
11,1103
11,1104
11,1105
11,1106
11,1107
11,1108
11,1109
11,1110
11,1111
11,1112
11,1113
11,1114
11,1115
11,1116
11,1117
11,1118
11,1119
11,1120
11,1121
11,1122
11,1123
11,1124
11,1125
11,1126
11,1127
11,1128
11,1129
11,1130
11,1131
11,1132
11,1133
11,1134
11,1135
11,1136
11,1137
11,1138
11,1139
11,1140
11,1141
11,1142
11,1143
11,1144
11,1145
11,1146
11,1147
11,1148
11,1149
11,1150
11,1151
11,1152
11,1153
11,1154
11,1155
11,1156
11,1157
11,1158
11,1159
11,1160
11,1161
11,1162
11,1163
11,1164
11,1165
11,1166
11,1167
11,1168
11,1169
11,1170
11,1171
11,1172
11,1173
11,1174
11,1175
11,1176
11,1177
11,1178
12,1001
12,1002
12,1003
12,1004
12,1005
12,1006
12,1007
12,1008
12,1009
12,1010
12,1011
12,1012
12,1013
12,1014
12,1015
12,1016
12,1017
12,1018
12,1019
12,1020
12,1021
12,1022
12,1023
12,1024
12,1025
12,1026
12,1027
12,1028
12,1029
12,1030
12,1031
12,1032
12,1033
12,1034
12,1035
12,1036
12,1037
12,1038
12,1039
12,1040
12,1041
12,1042
12,1043
12,1044
12,1045
12,1046
12,1047
12,1048
12,1049
12,1050
12,1051
12,1052
12,1053
12,1054
12,1055
12,1056
12,1057
12,1058
12,1059
12,1060
12,1061
12,1062
12,1063
12,1064
12,1065
12,1066
12,1067
12,1068
12,1069
12,1070
12,1071
12,1072
12,1073
12,1074
12,1075
12,1076
12,1077
12,1078
12,1079
12,1080
12,1081
12,1082
12,1083
12,1084
12,1085
12,1086
12,1087
12,1088
12,1089
12,1090
12,1091
12,1092
12,1093
12,1094
12,1095
12,1096
12,1097
12,1098
12,1099
12,1100
12,1101
12,1102
12,1103
12,1104
12,1105
12,1106
12,1107
12,1108
12,1109
12,1110
12,1111
12,1112
12,1113
12,1114
12,1115
12,1116
12,1117
12,1118
12,1119
12,1120
12,1121
12,1122
12,1123
12,1124
12,1125
12,1126
12,1127
12,1128
12,1129
12,1130
12,1131
12,1132
12,1133
12,1134
12,1135
12,1136
12,1137
12,1138
12,1139
12,1140
12,1141
12,1142
12,1143
12,1144
12,1145
12,1146
12,1147
12,1148
12,1149
12,1150
12,1151
12,1152
12,1153
12,1154
12,1155
12,1156
12,1157
12,1158
12,1159
12,1160
12,1161
12,1162
12,1163
12,1164
12,1165
12,1166
12,1167
12,1168
12,1169
12,1170
12,1171
12,1172
12,1173
12,1174
12,1175
12,1176
12,1177
12,1178
13,1001
13,1002
13,1003
13,1004
13,1005
13,1006
13,1007
13,1008
13,1009
13,1010
13,1011
13,1012
13,1013
13,1014
13,1015
13,1016
13,1017
13,1018
13,1019
13,1020
13,1021
13,1022
13,1023
13,1024
13,1025
13,1026
13,1027
13,1028
13,1029
13,1030
13,1031
13,1032
13,1033
13,1034
13,1035
13,1036
13,1037
13,1038
13,1039
13,1040
13,1041
13,1042
13,1043
13,1044
13,1045
13,1046
13,1047
13,1048
13,1049
13,1050
13,1051
13,1052
13,1053
13,1054
13,1055
13,1056
13,1057
13,1058
13,1059
13,1060
13,1061
13,1062
13,1063
13,1064
13,1065
13,1066
13,1067
13,1068
13,1069
13,1070
13,1071
13,1072
13,1073
13,1074
13,1075
13,1076
13,1077
13,1078
13,1079
13,1080
13,1081
13,1082
13,1083
13,1084
13,1085
13,1086
13,1087
13,1088
13,1089
13,1090
13,1091
13,1092
13,1093
13,1094
13,1095
13,1096
13,1097
13,1098
13,1099
13,1100
13,1101
13,1102
13,1103
13,1104
13,1105
13,1106
13,1107
13,1108
13,1109
13,1110
13,1111
13,1112
13,1113
13,1114
13,1115
13,1116
13,1117
13,1118
13,1119
13,1120
13,1121
13,1122
13,1123
13,1124
13,1125
13,1126
13,1127
13,1128
13,1129
13,1130
13,1131
13,1132
13,1133
13,1134
13,1135
13,1136
13,1137
13,1138
13,1139
13,1140
13,1141
13,1142
13,1143
13,1144
13,1145
13,1146
13,1147
13,1148
13,1149
13,1150
13,1151
13,1152
13,1153
13,1154
13,1155
13,1156
13,1157
13,1158
13,1159
13,1160
13,1161
13,1162
13,1163
13,1164
13,1165
13,1166
13,1167
13,1168
13,1169
13,1170
13,1171
13,1172
13,1173
13,1174
13,1175
13,1176
13,1177
13,1178
14,1001
14,1002
14,1003
14,1004
14,1005
14,1006
14,1007
14,1008
14,1009
14,1010
14,1011
14,1012
14,1013
14,1014
14,1015
14,1016
14,1017
14,1018
14,1019
14,1020
14,1021
14,1022
14,1023
14,1024
14,1025
14,1026
14,1027
14,1028
14,1029
14,1030
14,1031
14,1032
14,1033
14,1034
14,1035
14,1036
14,1037
14,1038
14,1039
14,1040
14,1041
14,1042
14,1043
14,1044
14,1045
14,1046
14,1047
14,1048
14,1049
14,1050
14,1051
14,1052
14,1053
14,1054
14,1055
14,1056
14,1057
14,1058
14,1059
14,1060
14,1061
14,1062
14,1063
14,1064
14,1065
14,1066
14,1067
14,1068
14,1069
14,1070
14,1071
14,1072
14,1073
14,1074
14,1075
14,1076
14,1077
14,1078
14,1079
14,1080
14,1081
14,1082
14,1083
14,1084
14,1085
14,1086
14,1087
14,1088
14,1089
14,1090
14,1091
14,1092
14,1093
14,1094
14,1095
14,1096
14,1097
14,1098
14,1099
14,1100
14,1101
14,1102
14,1103
14,1104
14,1105
14,1106
14,1107
14,1108
14,1109
14,1110
14,1111
14,1112
14,1113
14,1114
14,1115
14,1116
14,1117
14,1118
14,1119
14,1120
14,1121
14,1122
14,1123
14,1124
14,1125
14,1126
14,1127
14,1128
14,1129
14,1130
14,1131
14,1132
14,1133
14,1134
14,1135
14,1136
14,1137
14,1138
14,1139
14,1140
14,1141
14,1142
14,1143
14,1144
14,1145
14,1146
14,1147
14,1148
14,1149
14,1150
14,1151
14,1152
14,1153
14,1154
14,1155
14,1156
14,1157
14,1158
14,1159
14,1160
14,1161
14,1162
14,1163
14,1164
14,1165
14,1166
14,1167
14,1168
14,1169
14,1170
14,1171
14,1172
14,1173
14,1174
14,1175
14,1176
14,1177
14,1178
15,1001
15,1002
15,1003
15,1004
15,1005
15,1006
15,1007
15,1008
15,1009
15,1010
15,1011
15,1012
15,1013
15,1014
15,1015
15,1016
15,1017
15,1018
15,1019
15,1020
15,1021
15,1022
15,1023
15,1024
15,1025
15,1026
15,1027
15,1028
15,1029
15,1030
15,1031
15,1032
15,1033
15,1034
15,1035
15,1036
15,1037
15,1038
15,1039
15,1040
15,1041
15,1042
15,1043
15,1044
15,1045
15,1046
15,1047
15,1048
15,1049
15,1050
15,1051
15,1052
15,1053
15,1054
15,1055
15,1056
15,1057
15,1058
15,1059
15,1060
15,1061
15,1062
15,1063
15,1064
15,1065
15,1066
15,1067
15,1068
15,1069
15,1070
15,1071
15,1072
15,1073
15,1074
15,1075
15,1076
15,1077
15,1078
15,1079
15,1080
15,1081
15,1082
15,1083
15,1084
15,1085
15,1086
15,1087
15,1088
15,1089
15,1090
15,1091
15,1092
15,1093
15,1094
15,1095
15,1096
15,1097
15,1098
15,1099
15,1100
15,1101
15,1102
15,1103
15,1104
15,1105
15,1106
15,1107
15,1108
15,1109
15,1110
15,1111
15,1112
15,1113
15,1114
15,1115
15,1116
15,1117
15,1118
15,1119
15,1120
15,1121
15,1122
15,1123
15,1124
15,1125
15,1126
15,1127
15,1128
15,1129
15,1130
15,1131
15,1132
15,1133
15,1134
15,1135
15,1136
15,1137
15,1138
15,1139
15,1140
15,1141
15,1142
15,1143
15,1144
15,1145
15,1146
15,1147
15,1148
15,1149
15,1150
15,1151
15,1152
15,1153
15,1154
15,1155
15,1156
15,1157
15,1158
15,1159
15,1160
15,1161
15,1162
15,1163
15,1164
15,1165
15,1166
15,1167
15,1168
15,1169
15,1170
15,1171
15,1172
15,1173
15,1174
15,1175
15,1176
15,1177
15,1178
16,1001
16,1002
16,1003
16,1004
16,1005
16,1006
16,1007
16,1008
16,1009
16,1010
16,1011
16,1012
16,1013
16,1014
16,1015
16,1016
16,1017
16,1018
16,1019
16,1020
16,1021
16,1022
16,1023
16,1024
16,1025
16,1026
16,1027
16,1028
16,1029
16,1030
16,1031
16,1032
16,1033
16,1034
16,1035
16,1036
16,1037
16,1038
16,1039
16,1040
16,1041
16,1042
16,1043
16,1044
16,1045
16,1046
16,1047
16,1048
16,1049
16,1050
16,1051
16,1052
16,1053
16,1054
16,1055
16,1056
16,1057
16,1058
16,1059
16,1060
16,1061
16,1062
16,1063
16,1064
16,1065
16,1066
16,1067
16,1068
16,1069
16,1070
16,1071
16,1072
16,1073
16,1074
16,1075
16,1076
16,1077
16,1078
16,1079
16,1080
16,1081
16,1082
16,1083
16,1084
16,1085
16,1086
16,1087
16,1088
16,1089
16,1090
16,1091
16,1092
16,1093
16,1094
16,1095
16,1096
16,1097
16,1098
16,1099
16,1100
16,1101
16,1102
16,1103
16,1104
16,1105
16,1106
16,1107
16,1108
16,1109
16,1110
16,1111
16,1112
16,1113
16,1114
16,1115
16,1116
16,1117
16,1118
16,1119
16,1120
16,1121
16,1122
16,1123
16,1124
16,1125
16,1126
16,1127
16,1128
16,1129
16,1130
16,1131
16,1132
16,1133
16,1134
16,1135
16,1136
16,1137
16,1138
16,1139
16,1140
16,1141
16,1142
16,1143
16,1144
16,1145
16,1146
16,1147
16,1148
16,1149
16,1150
16,1151
16,1152
16,1153
16,1154
16,1155
16,1156
16,1157
16,1158
16,1159
16,1160
16,1161
16,1162
16,1163
16,1164
16,1165
16,1166
16,1167
16,1168
16,1169
16,1170
16,1171
16,1172
16,1173
16,1174
16,1175
16,1176
16,1177
16,1178
17,1001
17,1002
17,1003
17,1004
17,1005
17,1006
17,1007
17,1008
17,1009
17,1010
17,1011
17,1012
17,1013
17,1014
17,1015
17,1016
17,1017
17,1018
17,1019
17,1020
17,1021
17,1022
17,1023
17,1024
17,1025
17,1026
17,1027
17,1028
17,1029
17,1030
17,1031
17,1032
17,1033
17,1034
17,1035
17,1036
17,1037
17,1038
17,1039
17,1040
17,1041
17,1042
17,1043
17,1044
17,1045
17,1046
17,1047
17,1048
17,1049
17,1050
17,1051
17,1052
17,1053
17,1054
17,1055
17,1056
17,1057
17,1058
17,1059
17,1060
17,1061
17,1062
17,1063
17,1064
17,1065
17,1066
17,1067
17,1068
17,1069
17,1070
17,1071
17,1072
17,1073
17,1074
17,1075
17,1076
17,1077
17,1078
17,1079
17,1080
17,1081
17,1082
17,1083
17,1084
17,1085
17,1086
17,1087
17,1088
17,1089
17,1090
17,1091
17,1092
17,1093
17,1094
17,1095
17,1096
17,1097
17,1098
17,1099
17,1100
17,1101
17,1102
17,1103
17,1104
17,1105
17,1106
17,1107
17,1108
17,1109
17,1110
17,1111
17,1112
17,1113
17,1114
17,1115
17,1116
17,1117
17,1118
17,1119
17,1120
17,1121
17,1122
17,1123
17,1124
17,1125
17,1126
17,1127
17,1128
17,1129
17,1130
17,1131
17,1132
17,1133
17,1134
17,1135
17,1136
17,1137
17,1138
17,1139
17,1140
17,1141
17,1142
17,1143
17,1144
17,1145
17,1146
17,1147
17,1148
17,1149
17,1150
17,1151
17,1152
17,1153
17,1154
17,1155
17,1156
17,1157
17,1158
17,1159
17,1160
17,1161
17,1162
17,1163
17,1164
17,1165
17,1166
17,1167
17,1168
17,1169
17,1170
17,1171
17,1172
17,1173
17,1174
17,1175
17,1176
17,1177
17,1178
18,1001
18,1002
18,1003
18,1004
18,1005
18,1006
18,1007
18,1008
18,1009
18,1010
18,1011
18,1012
18,1013
18,1014
18,1015
18,1016
18,1017
18,1018
18,1019
18,1020
18,1021
18,1022
18,1023
18,1024
18,1025
18,1026
18,1027
18,1028
18,1029
18,1030
18,1031
18,1032
18,1033
18,1034
18,1035
18,1036
18,1037
18,1038
18,1039
18,1040
18,1041
18,1042
18,1043
18,1044
18,1045
18,1046
18,1047
18,1048
18,1049
18,1050
18,1051
18,1052
18,1053
18,1054
18,1055
18,1056
18,1057
18,1058
18,1059
18,1060
18,1061
18,1062
18,1063
18,1064
18,1065
18,1066
18,1067
18,1068
18,1069
18,1070
18,1071
18,1072
18,1073
18,1074
18,1075
18,1076
18,1077
18,1078
18,1079
18,1080
18,1081
18,1082
18,1083
18,1084
18,1085
18,1086
18,1087
18,1088
18,1089
18,1090
18,1091
18,1092
18,1093
18,1094
18,1095
18,1096
18,1097
18,1098
18,1099
18,1100
18,1101
18,1102
18,1103
18,1104
18,1105
18,1106
18,1107
18,1108
18,1109
18,1110
18,1111
18,1112
18,1113
18,1114
18,1115
18,1116
18,1117
18,1118
18,1119
18,1120
18,1121
18,1122
18,1123
18,1124
18,1125
18,1126
18,1127
18,1128
18,1129
18,1130
18,1131
18,1132
18,1133
18,1134
18,1135
18,1136
18,1137
18,1138
18,1139
18,1140
18,1141
18,1142
18,1143
18,1144
18,1145
18,1146
18,1147
18,1148
18,1149
18,1150
18,1151
18,1152
18,1153
18,1154
18,1155
18,1156
18,1157
18,1158
18,1159
18,1160
18,1161
18,1162
18,1163
18,1164
18,1165
18,1166
18,1167
18,1168
18,1169
18,1170
18,1171
18,1172
18,1173
18,1174
18,1175
18,1176
18,1177
18,1178
19,1001
19,1002
19,1003
19,1004
19,1005
19,1006
19,1007
19,1008
19,1009
19,1010
19,1011
19,1012
19,1013
19,1014
19,1015
19,1016
19,1017
19,1018
19,1019
19,1020
19,1021
19,1022
19,1023
19,1024
19,1025
19,1026
19,1027
19,1028
19,1029
19,1030
19,1031
19,1032
19,1033
19,1034
19,1035
19,1036
19,1037
19,1038
19,1039
19,1040
19,1041
19,1042
19,1043
19,1044
19,1045
19,1046
19,1047
19,1048
19,1049
19,1050
19,1051
19,1052
19,1053
19,1054
19,1055
19,1056
19,1057
19,1058
19,1059
19,1060
19,1061
19,1062
19,1063
19,1064
19,1065
19,1066
19,1067
19,1068
19,1069
19,1070
19,1071
19,1072
19,1073
19,1074
19,1075
19,1076
19,1077
19,1078
19,1079
19,1080
19,1081
19,1082
19,1083
19,1084
19,1085
19,1086
19,1087
19,1088
19,1089
19,1090
19,1091
19,1092
19,1093
19,1094
19,1095
19,1096
19,1097
19,1098
19,1099
19,1100
19,1101
19,1102
19,1103
19,1104
19,1105
19,1106
19,1107
19,1108
19,1109
19,1110
19,1111
19,1112
19,1113
19,1114
19,1115
19,1116
19,1117
19,1118
19,1119
19,1120
19,1121
19,1122
19,1123
19,1124
19,1125
19,1126
19,1127
19,1128
19,1129
19,1130
19,1131
19,1132
19,1133
19,1134
19,1135
19,1136
19,1137
19,1138
19,1139
19,1140
19,1141
19,1142
19,1143
19,1144
19,1145
19,1146
19,1147
19,1148
19,1149
19,1150
19,1151
19,1152
19,1153
19,1154
19,1155
19,1156
19,1157
19,1158
19,1159
19,1160
19,1161
19,1162
19,1163
19,1164
19,1165
19,1166
19,1167
19,1168
19,1169
19,1170
19,1171
19,1172
19,1173
19,1174
19,1175
19,1176
19,1177
19,1178
20,1001
20,1002
20,1003
20,1004
20,1005
20,1006
20,1007
20,1008
20,1009
20,1010
20,1011
20,1012
20,1013
20,1014
20,1015
20,1016
20,1017
20,1018
20,1019
20,1020
20,1021
20,1022
20,1023
20,1024
20,1025
20,1026
20,1027
20,1028
20,1029
20,1030
20,1031
20,1032
20,1033
20,1034
20,1035
20,1036
20,1037
20,1038
20,1039
20,1040
20,1041
20,1042
20,1043
20,1044
20,1045
20,1046
20,1047
20,1048
20,1049
20,1050
20,1051
20,1052
20,1053
20,1054
20,1055
20,1056
20,1057
20,1058
20,1059
20,1060
20,1061
20,1062
20,1063
20,1064
20,1065
20,1066
20,1067
20,1068
20,1069
20,1070
20,1071
20,1072
20,1073
20,1074
20,1075
20,1076
20,1077
20,1078
20,1079
20,1080
20,1081
20,1082
20,1083
20,1084
20,1085
20,1086
20,1087
20,1088
20,1089
20,1090
20,1091
20,1092
20,1093
20,1094
20,1095
20,1096
20,1097
20,1098
20,1099
20,1100
20,1101
20,1102
20,1103
20,1104
20,1105
20,1106
20,1107
20,1108
20,1109
20,1110
20,1111
20,1112
20,1113
20,1114
20,1115
20,1116
20,1117
20,1118
20,1119
20,1120
20,1121
20,1122
20,1123
20,1124
20,1125
20,1126
20,1127
20,1128
20,1129
20,1130
20,1131
20,1132
20,1133
20,1134
20,1135
20,1136
20,1137
20,1138
20,1139
20,1140
20,1141
20,1142
20,1143
20,1144
20,1145
20,1146
20,1147
20,1148
20,1149
20,1150
20,1151
20,1152
20,1153
20,1154
20,1155
20,1156
20,1157
20,1158
20,1159
20,1160
20,1161
20,1162
20,1163
20,1164
20,1165
20,1166
20,1167
20,1168
20,1169
20,1170
20,1171
20,1172
20,1173
20,1174
20,1175
20,1176
20,1177
20,1178
21,1001
21,1002
21,1003
21,1004
21,1005
21,1006
21,1007
21,1008
21,1009
21,1010
21,1011
21,1012
21,1013
21,1014
21,1015
21,1016
21,1017
21,1018
21,1019
21,1020
21,1021
21,1022
21,1023
21,1024
21,1025
21,1026
21,1027
21,1028
21,1029
21,1030
21,1031
21,1032
21,1033
21,1034
21,1035
21,1036
21,1037
21,1038
21,1039
21,1040
21,1041
21,1042
21,1043
21,1044
21,1045
21,1046
21,1047
21,1048
21,1049
21,1050
21,1051
21,1052
21,1053
21,1054
21,1055
21,1056
21,1057
21,1058
21,1059
21,1060
21,1061
21,1062
21,1063
21,1064
21,1065
21,1066
21,1067
21,1068
21,1069
21,1070
21,1071
21,1072
21,1073
21,1074
21,1075
21,1076
21,1077
21,1078
21,1079
21,1080
21,1081
21,1082
21,1083
21,1084
21,1085
21,1086
21,1087
21,1088
21,1089
21,1090
21,1091
21,1092
21,1093
21,1094
21,1095
21,1096
21,1097
21,1098
21,1099
21,1100
21,1101
21,1102
21,1103
21,1104
21,1105
21,1106
21,1107
21,1108
21,1109
21,1110
21,1111
21,1112
21,1113
21,1114
21,1115
21,1116
21,1117
21,1118
21,1119
21,1120
21,1121
21,1122
21,1123
21,1124
21,1125
21,1126
21,1127
21,1128
21,1129
21,1130
21,1131
21,1132
21,1133
21,1134
21,1135
21,1136
21,1137
21,1138
21,1139
21,1140
21,1141
21,1142
21,1143
21,1144
21,1145
21,1146
21,1147
21,1148
21,1149
21,1150
21,1151
21,1152
21,1153
21,1154
21,1155
21,1156
21,1157
21,1158
21,1159
21,1160
21,1161
21,1162
21,1163
21,1164
21,1165
21,1166
21,1167
21,1168
21,1169
21,1170
21,1171
21,1172
21,1173
21,1174
21,1175
21,1176
21,1177
21,1178
22,1001
22,1002
22,1003
22,1004
22,1005
22,1006
22,1007
22,1008
22,1009
22,1010
22,1011
22,1012
22,1013
22,1014
22,1015
22,1016
22,1017
22,1018
22,1019
22,1020
22,1021
22,1022
22,1023
22,1024
22,1025
22,1026
22,1027
22,1028
22,1029
22,1030
22,1031
22,1032
22,1033
22,1034
22,1035
22,1036
22,1037
22,1038
22,1039
22,1040
22,1041
22,1042
22,1043
22,1044
22,1045
22,1046
22,1047
22,1048
22,1049
22,1050
22,1051
22,1052
22,1053
22,1054
22,1055
22,1056
22,1057
22,1058
22,1059
22,1060
22,1061
22,1062
22,1063
22,1064
22,1065
22,1066
22,1067
22,1068
22,1069
22,1070
22,1071
22,1072
22,1073
22,1074
22,1075
22,1076
22,1077
22,1078
22,1079
22,1080
22,1081
22,1082
22,1083
22,1084
22,1085
22,1086
22,1087
22,1088
22,1089
22,1090
22,1091
22,1092
22,1093
22,1094
22,1095
22,1096
22,1097
22,1098
22,1099
22,1100
22,1101
22,1102
22,1103
22,1104
22,1105
22,1106
22,1107
22,1108
22,1109
22,1110
22,1111
22,1112
22,1113
22,1114
22,1115
22,1116
22,1117
22,1118
22,1119
22,1120
22,1121
22,1122
22,1123
22,1124
22,1125
22,1126
22,1127
22,1128
22,1129
22,1130
22,1131
22,1132
22,1133
22,1134
22,1135
22,1136
22,1137
22,1138
22,1139
22,1140
22,1141
22,1142
22,1143
22,1144
22,1145
22,1146
22,1147
22,1148
22,1149
22,1150
22,1151
22,1152
22,1153
22,1154
22,1155
22,1156
22,1157
22,1158
22,1159
22,1160
22,1161
22,1162
22,1163
22,1164
22,1165
22,1166
22,1167
22,1168
22,1169
22,1170
22,1171
22,1172
22,1173
22,1174
22,1175
22,1176
22,1177
22,1178
23,1001
23,1002
23,1003
23,1004
23,1005
23,1006
23,1007
23,1008
23,1009
23,1010
23,1011
23,1012
23,1013
23,1014
23,1015
23,1016
23,1017
23,1018
23,1019
23,1020
23,1021
23,1022
23,1023
23,1024
23,1025
23,1026
23,1027
23,1028
23,1029
23,1030
23,1031
23,1032
23,1033
23,1034
23,1035
23,1036
23,1037
23,1038
23,1039
23,1040
23,1041
23,1042
23,1043
23,1044
23,1045
23,1046
23,1047
23,1048
23,1049
23,1050
23,1051
23,1052
23,1053
23,1054
23,1055
23,1056
23,1057
23,1058
23,1059
23,1060
23,1061
23,1062
23,1063
23,1064
23,1065
23,1066
23,1067
23,1068
23,1069
23,1070
23,1071
23,1072
23,1073
23,1074
23,1075
23,1076
23,1077
23,1078
23,1079
23,1080
23,1081
23,1082
23,1083
23,1084
23,1085
23,1086
23,1087
23,1088
23,1089
23,1090
23,1091
23,1092
23,1093
23,1094
23,1095
23,1096
23,1097
23,1098
23,1099
23,1100
23,1101
23,1102
23,1103
23,1104
23,1105
23,1106
23,1107
23,1108
23,1109
23,1110
23,1111
23,1112
23,1113
23,1114
23,1115
23,1116
23,1117
23,1118
23,1119
23,1120
23,1121
23,1122
23,1123
23,1124
23,1125
23,1126
23,1127
23,1128
23,1129
23,1130
23,1131
23,1132
23,1133
23,1134
23,1135
23,1136
23,1137
23,1138
23,1139
23,1140
23,1141
23,1142
23,1143
23,1144
23,1145
23,1146
23,1147
23,1148
23,1149
23,1150
23,1151
23,1152
23,1153
23,1154
23,1155
23,1156
23,1157
23,1158
23,1159
23,1160
23,1161
23,1162
23,1163
23,1164
23,1165
23,1166
23,1167
23,1168
23,1169
23,1170
23,1171
23,1172
23,1173
23,1174
23,1175
23,1176
23,1177
23,1178
24,1001
24,1002
24,1003
24,1004
24,1005
24,1006
24,1007
24,1008
24,1009
24,1010
24,1011
24,1012
24,1013
24,1014
24,1015
24,1016
24,1017
24,1018
24,1019
24,1020
24,1021
24,1022
24,1023
24,1024
24,1025
24,1026
24,1027
24,1028
24,1029
24,1030
24,1031
24,1032
24,1033
24,1034
24,1035
24,1036
24,1037
24,1038
24,1039
24,1040
24,1041
24,1042
24,1043
24,1044
24,1045
24,1046
24,1047
24,1048
24,1049
24,1050
24,1051
24,1052
24,1053
24,1054
24,1055
24,1056
24,1057
24,1058
24,1059
24,1060
24,1061
24,1062
24,1063
24,1064
24,1065
24,1066
24,1067
24,1068
24,1069
24,1070
24,1071
24,1072
24,1073
24,1074
24,1075
24,1076
24,1077
24,1078
24,1079
24,1080
24,1081
24,1082
24,1083
24,1084
24,1085
24,1086
24,1087
24,1088
24,1089
24,1090
24,1091
24,1092
24,1093
24,1094
24,1095
24,1096
24,1097
24,1098
24,1099
24,1100
24,1101
24,1102
24,1103
24,1104
24,1105
24,1106
24,1107
24,1108
24,1109
24,1110
24,1111
24,1112
24,1113
24,1114
24,1115
24,1116
24,1117
24,1118
24,1119
24,1120
24,1121
24,1122
24,1123
24,1124
24,1125
24,1126
24,1127
24,1128
24,1129
24,1130
24,1131
24,1132
24,1133
24,1134
24,1135
24,1136
24,1137
24,1138
24,1139
24,1140
24,1141
24,1142
24,1143
24,1144
24,1145
24,1146
24,1147
24,1148
24,1149
24,1150
24,1151
24,1152
24,1153
24,1154
24,1155
24,1156
24,1157
24,1158
24,1159
24,1160
24,1161
24,1162
24,1163
24,1164
24,1165
24,1166
24,1167
24,1168
24,1169
24,1170
24,1171
24,1172
24,1173
24,1174
24,1175
24,1176
24,1177
24,1178
25,1001
25,1002
25,1003
25,1004
25,1005
25,1006
25,1007
25,1008
25,1009
25,1010
25,1011
25,1012
25,1013
25,1014
25,1015
25,1016
25,1017
25,1018
25,1019
25,1020
25,1021
25,1022
25,1023
25,1024
25,1025
25,1026
25,1027
25,1028
25,1029
25,1030
25,1031
25,1032
25,1033
25,1034
25,1035
25,1036
25,1037
25,1038
25,1039
25,1040
25,1041
25,1042
25,1043
25,1044
25,1045
25,1046
25,1047
25,1048
25,1049
25,1050
25,1051
25,1052
25,1053
25,1054
25,1055
25,1056
25,1057
25,1058
25,1059
25,1060
25,1061
25,1062
25,1063
25,1064
25,1065
25,1066
25,1067
25,1068
25,1069
25,1070
25,1071
25,1072
25,1073
25,1074
25,1075
25,1076
25,1077
25,1078
25,1079
25,1080
25,1081
25,1082
25,1083
25,1084
25,1085
25,1086
25,1087
25,1088
25,1089
25,1090
25,1091
25,1092
25,1093
25,1094
25,1095
25,1096
25,1097
25,1098
25,1099
25,1100
25,1101
25,1102
25,1103
25,1104
25,1105
25,1106
25,1107
25,1108
25,1109
25,1110
25,1111
25,1112
25,1113
25,1114
25,1115
25,1116
25,1117
25,1118
25,1119
25,1120
25,1121
25,1122
25,1123
25,1124
25,1125
25,1126
25,1127
25,1128
25,1129
25,1130
25,1131
25,1132
25,1133
25,1134
25,1135
25,1136
25,1137
25,1138
25,1139
25,1140
25,1141
25,1142
25,1143
25,1144
25,1145
25,1146
25,1147
25,1148
25,1149
25,1150
25,1151
25,1152
25,1153
25,1154
25,1155
25,1156
25,1157
25,1158
25,1159
25,1160
25,1161
25,1162
25,1163
25,1164
25,1165
25,1166
25,1167
25,1168
25,1169
25,1170
25,1171
25,1172
25,1173
25,1174
25,1175
25,1176
25,1177
25,1178
26,1001
26,1002
26,1003
26,1004
26,1005
26,1006
26,1007
26,1008
26,1009
26,1010
26,1011
26,1012
26,1013
26,1014
26,1015
26,1016
26,1017
26,1018
26,1019
26,1020
26,1021
26,1022
26,1023
26,1024
26,1025
26,1026
26,1027
26,1028
26,1029
26,1030
26,1031
26,1032
26,1033
26,1034
26,1035
26,1036
26,1037
26,1038
26,1039
26,1040
26,1041
26,1042
26,1043
26,1044
26,1045
26,1046
26,1047
26,1048
26,1049
26,1050
26,1051
26,1052
26,1053
26,1054
26,1055
26,1056
26,1057
26,1058
26,1059
26,1060
26,1061
26,1062
26,1063
26,1064
26,1065
26,1066
26,1067
26,1068
26,1069
26,1070
26,1071
26,1072
26,1073
26,1074
26,1075
26,1076
26,1077
26,1078
26,1079
26,1080
26,1081
26,1082
26,1083
26,1084
26,1085
26,1086
26,1087
26,1088
26,1089
26,1090
26,1091
26,1092
26,1093
26,1094
26,1095
26,1096
26,1097
26,1098
26,1099
26,1100
26,1101
26,1102
26,1103
26,1104
26,1105
26,1106
26,1107
26,1108
26,1109
26,1110
26,1111
26,1112
26,1113
26,1114
26,1115
26,1116
26,1117
26,1118
26,1119
26,1120
26,1121
26,1122
26,1123
26,1124
26,1125
26,1126
26,1127
26,1128
26,1129
26,1130
26,1131
26,1132
26,1133
26,1134
26,1135
26,1136
26,1137
26,1138
26,1139
26,1140
26,1141
26,1142
26,1143
26,1144
26,1145
26,1146
26,1147
26,1148
26,1149
26,1150
26,1151
26,1152
26,1153
26,1154
26,1155
26,1156
26,1157
26,1158
26,1159
26,1160
26,1161
26,1162
26,1163
26,1164
26,1165
26,1166
26,1167
26,1168
26,1169
26,1170
26,1171
26,1172
26,1173
26,1174
26,1175
26,1176
26,1177
26,1178
27,1001
27,1002
27,1003
27,1004
27,1005
27,1006
27,1007
27,1008
27,1009
27,1010
27,1011
27,1012
27,1013
27,1014
27,1015
27,1016
27,1017
27,1018
27,1019
27,1020
27,1021
27,1022
27,1023
27,1024
27,1025
27,1026
27,1027
27,1028
27,1029
27,1030
27,1031
27,1032
27,1033
27,1034
27,1035
27,1036
27,1037
27,1038
27,1039
27,1040
27,1041
27,1042
27,1043
27,1044
27,1045
27,1046
27,1047
27,1048
27,1049
27,1050
27,1051
27,1052
27,1053
27,1054
27,1055
27,1056
27,1057
27,1058
27,1059
27,1060
27,1061
27,1062
27,1063
27,1064
27,1065
27,1066
27,1067
27,1068
27,1069
27,1070
27,1071
27,1072
27,1073
27,1074
27,1075
27,1076
27,1077
27,1078
27,1079
27,1080
27,1081
27,1082
27,1083
27,1084
27,1085
27,1086
27,1087
27,1088
27,1089
27,1090
27,1091
27,1092
27,1093
27,1094
27,1095
27,1096
27,1097
27,1098
27,1099
27,1100
27,1101
27,1102
27,1103
27,1104
27,1105
27,1106
27,1107
27,1108
27,1109
27,1110
27,1111
27,1112
27,1113
27,1114
27,1115
27,1116
27,1117
27,1118
27,1119
27,1120
27,1121
27,1122
27,1123
27,1124
27,1125
27,1126
27,1127
27,1128
27,1129
27,1130
27,1131
27,1132
27,1133
27,1134
27,1135
27,1136
27,1137
27,1138
27,1139
27,1140
27,1141
27,1142
27,1143
27,1144
27,1145
27,1146
27,1147
27,1148
27,1149
27,1150
27,1151
27,1152
27,1153
27,1154
27,1155
27,1156
27,1157
27,1158
27,1159
27,1160
27,1161
27,1162
27,1163
27,1164
27,1165
27,1166
27,1167
27,1168
27,1169
27,1170
27,1171
27,1172
27,1173
27,1174
27,1175
27,1176
27,1177
27,1178
28,1001
28,1002
28,1003
28,1004
28,1005
28,1006
28,1007
28,1008
28,1009
28,1010
28,1011
28,1012
28,1013
28,1014
28,1015
28,1016
28,1017
28,1018
28,1019
28,1020
28,1021
28,1022
28,1023
28,1024
28,1025
28,1026
28,1027
28,1028
28,1029
28,1030
28,1031
28,1032
28,1033
28,1034
28,1035
28,1036
28,1037
28,1038
28,1039
28,1040
28,1041
28,1042
28,1043
28,1044
28,1045
28,1046
28,1047
28,1048
28,1049
28,1050
28,1051
28,1052
28,1053
28,1054
28,1055
28,1056
28,1057
28,1058
28,1059
28,1060
28,1061
28,1062
28,1063
28,1064
28,1065
28,1066
28,1067
28,1068
28,1069
28,1070
28,1071
28,1072
28,1073
28,1074
28,1075
28,1076
28,1077
28,1078
28,1079
28,1080
28,1081
28,1082
28,1083
28,1084
28,1085
28,1086
28,1087
28,1088
28,1089
28,1090
28,1091
28,1092
28,1093
28,1094
28,1095
28,1096
28,1097
28,1098
28,1099
28,1100
28,1101
28,1102
28,1103
28,1104
28,1105
28,1106
28,1107
28,1108
28,1109
28,1110
28,1111
28,1112
28,1113
28,1114
28,1115
28,1116
28,1117
28,1118
28,1119
28,1120
28,1121
28,1122
28,1123
28,1124
28,1125
28,1126
28,1127
28,1128
28,1129
28,1130
28,1131
28,1132
28,1133
28,1134
28,1135
28,1136
28,1137
28,1138
28,1139
28,1140
28,1141
28,1142
28,1143
28,1144
28,1145
28,1146
28,1147
28,1148
28,1149
28,1150
28,1151
28,1152
28,1153
28,1154
28,1155
28,1156
28,1157
28,1158
28,1159
28,1160
28,1161
28,1162
28,1163
28,1164
28,1165
28,1166
28,1167
28,1168
28,1169
28,1170
28,1171
28,1172
28,1173
28,1174
28,1175
28,1176
28,1177
28,1178
29,1001
29,1002
29,1003
29,1004
29,1005
29,1006
29,1007
29,1008
29,1009
29,1010
29,1011
29,1012
29,1013
29,1014
29,1015
29,1016
29,1017
29,1018
29,1019
29,1020
29,1021
29,1022
29,1023
29,1024
29,1025
29,1026
29,1027
29,1028
29,1029
29,1030
29,1031
29,1032
29,1033
29,1034
29,1035
29,1036
29,1037
29,1038
29,1039
29,1040
29,1041
29,1042
29,1043
29,1044
29,1045
29,1046
29,1047
29,1048
29,1049
29,1050
29,1051
29,1052
29,1053
29,1054
29,1055
29,1056
29,1057
29,1058
29,1059
29,1060
29,1061
29,1062
29,1063
29,1064
29,1065
29,1066
29,1067
29,1068
29,1069
29,1070
29,1071
29,1072
29,1073
29,1074
29,1075
29,1076
29,1077
29,1078
29,1079
29,1080
29,1081
29,1082
29,1083
29,1084
29,1085
29,1086
29,1087
29,1088
29,1089
29,1090
29,1091
29,1092
29,1093
29,1094
29,1095
29,1096
29,1097
29,1098
29,1099
29,1100
29,1101
29,1102
29,1103
29,1104
29,1105
29,1106
29,1107
29,1108
29,1109
29,1110
29,1111
29,1112
29,1113
29,1114
29,1115
29,1116
29,1117
29,1118
29,1119
29,1120
29,1121
29,1122
29,1123
29,1124
29,1125
29,1126
29,1127
29,1128
29,1129
29,1130
29,1131
29,1132
29,1133
29,1134
29,1135
29,1136
29,1137
29,1138
29,1139
29,1140
29,1141
29,1142
29,1143
29,1144
29,1145
29,1146
29,1147
29,1148
29,1149
29,1150
29,1151
29,1152
29,1153
29,1154
29,1155
29,1156
29,1157
29,1158
29,1159
29,1160
29,1161
29,1162
29,1163
29,1164
29,1165
29,1166
29,1167
29,1168
29,1169
29,1170
29,1171
29,1172
29,1173
29,1174
29,1175
29,1176
29,1177
29,1178
30,1001
30,1002
30,1003
30,1004
30,1005
30,1006
30,1007
30,1008
30,1009
30,1010
30,1011
30,1012
30,1013
30,1014
30,1015
30,1016
30,1017
30,1018
30,1019
30,1020
30,1021
30,1022
30,1023
30,1024
30,1025
30,1026
30,1027
30,1028
30,1029
30,1030
30,1031
30,1032
30,1033
30,1034
30,1035
30,1036
30,1037
30,1038
30,1039
30,1040
30,1041
30,1042
30,1043
30,1044
30,1045
30,1046
30,1047
30,1048
30,1049
30,1050
30,1051
30,1052
30,1053
30,1054
30,1055
30,1056
30,1057
30,1058
30,1059
30,1060
30,1061
30,1062
30,1063
30,1064
30,1065
30,1066
30,1067
30,1068
30,1069
30,1070
30,1071
30,1072
30,1073
30,1074
30,1075
30,1076
30,1077
30,1078
30,1079
30,1080
30,1081
30,1082
30,1083
30,1084
30,1085
30,1086
30,1087
30,1088
30,1089
30,1090
30,1091
30,1092
30,1093
30,1094
30,1095
30,1096
30,1097
30,1098
30,1099
30,1100
30,1101
30,1102
30,1103
30,1104
30,1105
30,1106
30,1107
30,1108
30,1109
30,1110
30,1111
30,1112
30,1113
30,1114
30,1115
30,1116
30,1117
30,1118
30,1119
30,1120
30,1121
30,1122
30,1123
30,1124
30,1125
30,1126
30,1127
30,1128
30,1129
30,1130
30,1131
30,1132
30,1133
30,1134
30,1135
30,1136
30,1137
30,1138
30,1139
30,1140
30,1141
30,1142
30,1143
30,1144
30,1145
30,1146
30,1147
30,1148
30,1149
30,1150
30,1151
30,1152
30,1153
30,1154
30,1155
30,1156
30,1157
30,1158
30,1159
30,1160
30,1161
30,1162
30,1163
30,1164
30,1165
30,1166
30,1167
30,1168
30,1169
30,1170
30,1171
30,1172
30,1173
30,1174
30,1175
30,1176
30,1177
30,1178
31,1001
31,1002
31,1003
31,1004
31,1005
31,1006
31,1007
31,1008
31,1009
31,1010
31,1011
31,1012
31,1013
31,1014
31,1015
31,1016
31,1017
31,1018
31,1019
31,1020
31,1021
31,1022
31,1023
31,1024
31,1025
31,1026
31,1027
31,1028
31,1029
31,1030
31,1031
31,1032
31,1033
31,1034
31,1035
31,1036
31,1037
31,1038
31,1039
31,1040
31,1041
31,1042
31,1043
31,1044
31,1045
31,1046
31,1047
31,1048
31,1049
31,1050
31,1051
31,1052
31,1053
31,1054
31,1055
31,1056
31,1057
31,1058
31,1059
31,1060
31,1061
31,1062
31,1063
31,1064
31,1065
31,1066
31,1067
31,1068
31,1069
31,1070
31,1071
31,1072
31,1073
31,1074
31,1075
31,1076
31,1077
31,1078
31,1079
31,1080
31,1081
31,1082
31,1083
31,1084
31,1085
31,1086
31,1087
31,1088
31,1089
31,1090
31,1091
31,1092
31,1093
31,1094
31,1095
31,1096
31,1097
31,1098
31,1099
31,1100
31,1101
31,1102
31,1103
31,1104
31,1105
31,1106
31,1107
31,1108
31,1109
31,1110
31,1111
31,1112
31,1113
31,1114
31,1115
31,1116
31,1117
31,1118
31,1119
31,1120
31,1121
31,1122
31,1123
31,1124
31,1125
31,1126
31,1127
31,1128
31,1129
31,1130
31,1131
31,1132
31,1133
31,1134
31,1135
31,1136
31,1137
31,1138
31,1139
31,1140
31,1141
31,1142
31,1143
31,1144
31,1145
31,1146
31,1147
31,1148
31,1149
31,1150
31,1151
31,1152
31,1153
31,1154
31,1155
31,1156
31,1157
31,1158
31,1159
31,1160
31,1161
31,1162
31,1163
31,1164
31,1165
31,1166
31,1167
31,1168
31,1169
31,1170
31,1171
31,1172
31,1173
31,1174
31,1175
31,1176
31,1177
31,1178
32,1001
32,1002
32,1003
32,1004
32,1005
32,1006
32,1007
32,1008
32,1009
32,1010
32,1011
32,1012
32,1013
32,1014
32,1015
32,1016
32,1017
32,1018
32,1019
32,1020
32,1021
32,1022
32,1023
32,1024
32,1025
32,1026
32,1027
32,1028
32,1029
32,1030
32,1031
32,1032
32,1033
32,1034
32,1035
32,1036
32,1037
32,1038
32,1039
32,1040
32,1041
32,1042
32,1043
32,1044
32,1045
32,1046
32,1047
32,1048
32,1049
32,1050
32,1051
32,1052
32,1053
32,1054
32,1055
32,1056
32,1057
32,1058
32,1059
32,1060
32,1061
32,1062
32,1063
32,1064
32,1065
32,1066
32,1067
32,1068
32,1069
32,1070
32,1071
32,1072
32,1073
32,1074
32,1075
32,1076
32,1077
32,1078
32,1079
32,1080
32,1081
32,1082
32,1083
32,1084
32,1085
32,1086
32,1087
32,1088
32,1089
32,1090
32,1091
32,1092
32,1093
32,1094
32,1095
32,1096
32,1097
32,1098
32,1099
32,1100
32,1101
32,1102
32,1103
32,1104
32,1105
32,1106
32,1107
32,1108
32,1109
32,1110
32,1111
32,1112
32,1113
32,1114
32,1115
32,1116
32,1117
32,1118
32,1119
32,1120
32,1121
32,1122
32,1123
32,1124
32,1125
32,1126
32,1127
32,1128
32,1129
32,1130
32,1131
32,1132
32,1133
32,1134
32,1135
32,1136
32,1137
32,1138
32,1139
32,1140
32,1141
32,1142
32,1143
32,1144
32,1145
32,1146
32,1147
32,1148
32,1149
32,1150
32,1151
32,1152
32,1153
32,1154
32,1155
32,1156
32,1157
32,1158
32,1159
32,1160
32,1161
32,1162
32,1163
32,1164
32,1165
32,1166
32,1167
32,1168
32,1169
32,1170
32,1171
32,1172
32,1173
32,1174
32,1175
32,1176
32,1177
32,1178
33,1001
33,1002
33,1003
33,1004
33,1005
33,1006
33,1007
33,1008
33,1009
33,1010
33,1011
33,1012
33,1013
33,1014
33,1015
33,1016
33,1017
33,1018
33,1019
33,1020
33,1021
33,1022
33,1023
33,1024
33,1025
33,1026
33,1027
33,1028
33,1029
33,1030
33,1031
33,1032
33,1033
33,1034
33,1035
33,1036
33,1037
33,1038
33,1039
33,1040
33,1041
33,1042
33,1043
33,1044
33,1045
33,1046
33,1047
33,1048
33,1049
33,1050
33,1051
33,1052
33,1053
33,1054
33,1055
33,1056
33,1057
33,1058
33,1059
33,1060
33,1061
33,1062
33,1063
33,1064
33,1065
33,1066
33,1067
33,1068
33,1069
33,1070
33,1071
33,1072
33,1073
33,1074
33,1075
33,1076
33,1077
33,1078
33,1079
33,1080
33,1081
33,1082
33,1083
33,1084
33,1085
33,1086
33,1087
33,1088
33,1089
33,1090
33,1091
33,1092
33,1093
33,1094
33,1095
33,1096
33,1097
33,1098
33,1099
33,1100
33,1101
33,1102
33,1103
33,1104
33,1105
33,1106
33,1107
33,1108
33,1109
33,1110
33,1111
33,1112
33,1113
33,1114
33,1115
33,1116
33,1117
33,1118
33,1119
33,1120
33,1121
33,1122
33,1123
33,1124
33,1125
33,1126
33,1127
33,1128
33,1129
33,1130
33,1131
33,1132
33,1133
33,1134
33,1135
33,1136
33,1137
33,1138
33,1139
33,1140
33,1141
33,1142
33,1143
33,1144
33,1145
33,1146
33,1147
33,1148
33,1149
33,1150
33,1151
33,1152
33,1153
33,1154
33,1155
33,1156
33,1157
33,1158
33,1159
33,1160
33,1161
33,1162
33,1163
33,1164
33,1165
33,1166
33,1167
33,1168
33,1169
33,1170
33,1171
33,1172
33,1173
33,1174
33,1175
33,1176
33,1177
33,1178
34,1001
34,1002
34,1003
34,1004
34,1005
34,1006
34,1007
34,1008
34,1009
34,1010
34,1011
34,1012
34,1013
34,1014
34,1015
34,1016
34,1017
34,1018
34,1019
34,1020
34,1021
34,1022
34,1023
34,1024
34,1025
34,1026
34,1027
34,1028
34,1029
34,1030
34,1031
34,1032
34,1033
34,1034
34,1035
34,1036
34,1037
34,1038
34,1039
34,1040
34,1041
34,1042
34,1043
34,1044
34,1045
34,1046
34,1047
34,1048
34,1049
34,1050
34,1051
34,1052
34,1053
34,1054
34,1055
34,1056
34,1057
34,1058
34,1059
34,1060
34,1061
34,1062
34,1063
34,1064
34,1065
34,1066
34,1067
34,1068
34,1069
34,1070
34,1071
34,1072
34,1073
34,1074
34,1075
34,1076
34,1077
34,1078
34,1079
34,1080
34,1081
34,1082
34,1083
34,1084
34,1085
34,1086
34,1087
34,1088
34,1089
34,1090
34,1091
34,1092
34,1093
34,1094
34,1095
34,1096
34,1097
34,1098
34,1099
34,1100
34,1101
34,1102
34,1103
34,1104
34,1105
34,1106
34,1107
34,1108
34,1109
34,1110
34,1111
34,1112
34,1113
34,1114
34,1115
34,1116
34,1117
34,1118
34,1119
34,1120
34,1121
34,1122
34,1123
34,1124
34,1125
34,1126
34,1127
34,1128
34,1129
34,1130
34,1131
34,1132
34,1133
34,1134
34,1135
34,1136
34,1137
34,1138
34,1139
34,1140
34,1141
34,1142
34,1143
34,1144
34,1145
34,1146
34,1147
34,1148
34,1149
34,1150
34,1151
34,1152
34,1153
34,1154
34,1155
34,1156
34,1157
34,1158
34,1159
34,1160
34,1161
34,1162
34,1163
34,1164
34,1165
34,1166
34,1167
34,1168
34,1169
34,1170
34,1171
34,1172
34,1173
34,1174
34,1175
34,1176
34,1177
34,1178
35,1001
35,1002
35,1003
35,1004
35,1005
35,1006
35,1007
35,1008
35,1009
35,1010
35,1011
35,1012
35,1013
35,1014
35,1015
35,1016
35,1017
35,1018
35,1019
35,1020
35,1021
35,1022
35,1023
35,1024
35,1025
35,1026
35,1027
35,1028
35,1029
35,1030
35,1031
35,1032
35,1033
35,1034
35,1035
35,1036
35,1037
35,1038
35,1039
35,1040
35,1041
35,1042
35,1043
35,1044
35,1045
35,1046
35,1047
35,1048
35,1049
35,1050
35,1051
35,1052
35,1053
35,1054
35,1055
35,1056
35,1057
35,1058
35,1059
35,1060
35,1061
35,1062
35,1063
35,1064
35,1065
35,1066
35,1067
35,1068
35,1069
35,1070
35,1071
35,1072
35,1073
35,1074
35,1075
35,1076
35,1077
35,1078
35,1079
35,1080
35,1081
35,1082
35,1083
35,1084
35,1085
35,1086
35,1087
35,1088
35,1089
35,1090
35,1091
35,1092
35,1093
35,1094
35,1095
35,1096
35,1097
35,1098
35,1099
35,1100
35,1101
35,1102
35,1103
35,1104
35,1105
35,1106
35,1107
35,1108
35,1109
35,1110
35,1111
35,1112
35,1113
35,1114
35,1115
35,1116
35,1117
35,1118
35,1119
35,1120
35,1121
35,1122
35,1123
35,1124
35,1125
35,1126
35,1127
35,1128
35,1129
35,1130
35,1131
35,1132
35,1133
35,1134
35,1135
35,1136
35,1137
35,1138
35,1139
35,1140
35,1141
35,1142
35,1143
35,1144
35,1145
35,1146
35,1147
35,1148
35,1149
35,1150
35,1151
35,1152
35,1153
35,1154
35,1155
35,1156
35,1157
35,1158
35,1159
35,1160
35,1161
35,1162
35,1163
35,1164
35,1165
35,1166
35,1167
35,1168
35,1169
35,1170
35,1171
35,1172
35,1173
35,1174
35,1175
35,1176
35,1177
35,1178
36,1001
36,1002
36,1003
36,1004
36,1005
36,1006
36,1007
36,1008
36,1009
36,1010
36,1011
36,1012
36,1013
36,1014
36,1015
36,1016
36,1017
36,1018
36,1019
36,1020
36,1021
36,1022
36,1023
36,1024
36,1025
36,1026
36,1027
36,1028
36,1029
36,1030
36,1031
36,1032
36,1033
36,1034
36,1035
36,1036
36,1037
36,1038
36,1039
36,1040
36,1041
36,1042
36,1043
36,1044
36,1045
36,1046
36,1047
36,1048
36,1049
36,1050
36,1051
36,1052
36,1053
36,1054
36,1055
36,1056
36,1057
36,1058
36,1059
36,1060
36,1061
36,1062
36,1063
36,1064
36,1065
36,1066
36,1067
36,1068
36,1069
36,1070
36,1071
36,1072
36,1073
36,1074
36,1075
36,1076
36,1077
36,1078
36,1079
36,1080
36,1081
36,1082
36,1083
36,1084
36,1085
36,1086
36,1087
36,1088
36,1089
36,1090
36,1091
36,1092
36,1093
36,1094
36,1095
36,1096
36,1097
36,1098
36,1099
36,1100
36,1101
36,1102
36,1103
36,1104
36,1105
36,1106
36,1107
36,1108
36,1109
36,1110
36,1111
36,1112
36,1113
36,1114
36,1115
36,1116
36,1117
36,1118
36,1119
36,1120
36,1121
36,1122
36,1123
36,1124
36,1125
36,1126
36,1127
36,1128
36,1129
36,1130
36,1131
36,1132
36,1133
36,1134
36,1135
36,1136
36,1137
36,1138
36,1139
36,1140
36,1141
36,1142
36,1143
36,1144
36,1145
36,1146
36,1147
36,1148
36,1149
36,1150
36,1151
36,1152
36,1153
36,1154
36,1155
36,1156
36,1157
36,1158
36,1159
36,1160
36,1161
36,1162
36,1163
36,1164
36,1165
36,1166
36,1167
36,1168
36,1169
36,1170
36,1171
36,1172
36,1173
36,1174
36,1175
36,1176
36,1177
36,1178
37,1001
37,1002
37,1003
37,1004
37,1005
37,1006
37,1007
37,1008
37,1009
37,1010
37,1011
37,1012
37,1013
37,1014
37,1015
37,1016
37,1017
37,1018
37,1019
37,1020
37,1021
37,1022
37,1023
37,1024
37,1025
37,1026
37,1027
37,1028
37,1029
37,1030
37,1031
37,1032
37,1033
37,1034
37,1035
37,1036
37,1037
37,1038
37,1039
37,1040
37,1041
37,1042
37,1043
37,1044
37,1045
37,1046
37,1047
37,1048
37,1049
37,1050
37,1051
37,1052
37,1053
37,1054
37,1055
37,1056
37,1057
37,1058
37,1059
37,1060
37,1061
37,1062
37,1063
37,1064
37,1065
37,1066
37,1067
37,1068
37,1069
37,1070
37,1071
37,1072
37,1073
37,1074
37,1075
37,1076
37,1077
37,1078
37,1079
37,1080
37,1081
37,1082
37,1083
37,1084
37,1085
37,1086
37,1087
37,1088
37,1089
37,1090
37,1091
37,1092
37,1093
37,1094
37,1095
37,1096
37,1097
37,1098
37,1099
37,1100
37,1101
37,1102
37,1103
37,1104
37,1105
37,1106
37,1107
37,1108
37,1109
37,1110
37,1111
37,1112
37,1113
37,1114
37,1115
37,1116
37,1117
37,1118
37,1119
37,1120
37,1121
37,1122
37,1123
37,1124
37,1125
37,1126
37,1127
37,1128
37,1129
37,1130
37,1131
37,1132
37,1133
37,1134
37,1135
37,1136
37,1137
37,1138
37,1139
37,1140
37,1141
37,1142
37,1143
37,1144
37,1145
37,1146
37,1147
37,1148
37,1149
37,1150
37,1151
37,1152
37,1153
37,1154
37,1155
37,1156
37,1157
37,1158
37,1159
37,1160
37,1161
37,1162
37,1163
37,1164
37,1165
37,1166
37,1167
37,1168
37,1169
37,1170
37,1171
37,1172
37,1173
37,1174
37,1175
37,1176
37,1177
37,1178
38,1001
38,1002
38,1003
38,1004
38,1005
38,1006
38,1007
38,1008
38,1009
38,1010
38,1011
38,1012
38,1013
38,1014
38,1015
38,1016
38,1017
38,1018
38,1019
38,1020
38,1021
38,1022
38,1023
38,1024
38,1025
38,1026
38,1027
38,1028
38,1029
38,1030
38,1031
38,1032
38,1033
38,1034
38,1035
38,1036
38,1037
38,1038
38,1039
38,1040
38,1041
38,1042
38,1043
38,1044
38,1045
38,1046
38,1047
38,1048
38,1049
38,1050
38,1051
38,1052
38,1053
38,1054
38,1055
38,1056
38,1057
38,1058
38,1059
38,1060
38,1061
38,1062
38,1063
38,1064
38,1065
38,1066
38,1067
38,1068
38,1069
38,1070
38,1071
38,1072
38,1073
38,1074
38,1075
38,1076
38,1077
38,1078
38,1079
38,1080
38,1081
38,1082
38,1083
38,1084
38,1085
38,1086
38,1087
38,1088
38,1089
38,1090
38,1091
38,1092
38,1093
38,1094
38,1095
38,1096
38,1097
38,1098
38,1099
38,1100
38,1101
38,1102
38,1103
38,1104
38,1105
38,1106
38,1107
38,1108
38,1109
38,1110
38,1111
38,1112
38,1113
38,1114
38,1115
38,1116
38,1117
38,1118
38,1119
38,1120
38,1121
38,1122
38,1123
38,1124
38,1125
38,1126
38,1127
38,1128
38,1129
38,1130
38,1131
38,1132
38,1133
38,1134
38,1135
38,1136
38,1137
38,1138
38,1139
38,1140
38,1141
38,1142
38,1143
38,1144
38,1145
38,1146
38,1147
38,1148
38,1149
38,1150
38,1151
38,1152
38,1153
38,1154
38,1155
38,1156
38,1157
38,1158
38,1159
38,1160
38,1161
38,1162
38,1163
38,1164
38,1165
38,1166
38,1167
38,1168
38,1169
38,1170
38,1171
38,1172
38,1173
38,1174
38,1175
38,1176
38,1177
38,1178
39,1001
39,1002
39,1003
39,1004
39,1005
39,1006
39,1007
39,1008
39,1009
39,1010
39,1011
39,1012
39,1013
39,1014
39,1015
39,1016
39,1017
39,1018
39,1019
39,1020
39,1021
39,1022
39,1023
39,1024
39,1025
39,1026
39,1027
39,1028
39,1029
39,1030
39,1031
39,1032
39,1033
39,1034
39,1035
39,1036
39,1037
39,1038
39,1039
39,1040
39,1041
39,1042
39,1043
39,1044
39,1045
39,1046
39,1047
39,1048
39,1049
39,1050
39,1051
39,1052
39,1053
39,1054
39,1055
39,1056
39,1057
39,1058
39,1059
39,1060
39,1061
39,1062
39,1063
39,1064
39,1065
39,1066
39,1067
39,1068
39,1069
39,1070
39,1071
39,1072
39,1073
39,1074
39,1075
39,1076
39,1077
39,1078
39,1079
39,1080
39,1081
39,1082
39,1083
39,1084
39,1085
39,1086
39,1087
39,1088
39,1089
39,1090
39,1091
39,1092
39,1093
39,1094
39,1095
39,1096
39,1097
39,1098
39,1099
39,1100
39,1101
39,1102
39,1103
39,1104
39,1105
39,1106
39,1107
39,1108
39,1109
39,1110
39,1111
39,1112
39,1113
39,1114
39,1115
39,1116
39,1117
39,1118
39,1119
39,1120
39,1121
39,1122
39,1123
39,1124
39,1125
39,1126
39,1127
39,1128
39,1129
39,1130
39,1131
39,1132
39,1133
39,1134
39,1135
39,1136
39,1137
39,1138
39,1139
39,1140
39,1141
39,1142
39,1143
39,1144
39,1145
39,1146
39,1147
39,1148
39,1149
39,1150
39,1151
39,1152
39,1153
39,1154
39,1155
39,1156
39,1157
39,1158
39,1159
39,1160
39,1161
39,1162
39,1163
39,1164
39,1165
39,1166
39,1167
39,1168
39,1169
39,1170
39,1171
39,1172
39,1173
39,1174
39,1175
39,1176
39,1177
39,1178
40,1001
40,1002
40,1003
40,1004
40,1005
40,1006
40,1007
40,1008
40,1009
40,1010
40,1011
40,1012
40,1013
40,1014
40,1015
40,1016
40,1017
40,1018
40,1019
40,1020
40,1021
40,1022
40,1023
40,1024
40,1025
40,1026
40,1027
40,1028
40,1029
40,1030
40,1031
40,1032
40,1033
40,1034
40,1035
40,1036
40,1037
40,1038
40,1039
40,1040
40,1041
40,1042
40,1043
40,1044
40,1045
40,1046
40,1047
40,1048
40,1049
40,1050
40,1051
40,1052
40,1053
40,1054
40,1055
40,1056
40,1057
40,1058
40,1059
40,1060
40,1061
40,1062
40,1063
40,1064
40,1065
40,1066
40,1067
40,1068
40,1069
40,1070
40,1071
40,1072
40,1073
40,1074
40,1075
40,1076
40,1077
40,1078
40,1079
40,1080
40,1081
40,1082
40,1083
40,1084
40,1085
40,1086
40,1087
40,1088
40,1089
40,1090
40,1091
40,1092
40,1093
40,1094
40,1095
40,1096
40,1097
40,1098
40,1099
40,1100
40,1101
40,1102
40,1103
40,1104
40,1105
40,1106
40,1107
40,1108
40,1109
40,1110
40,1111
40,1112
40,1113
40,1114
40,1115
40,1116
40,1117
40,1118
40,1119
40,1120
40,1121
40,1122
40,1123
40,1124
40,1125
40,1126
40,1127
40,1128
40,1129
40,1130
40,1131
40,1132
40,1133
40,1134
40,1135
40,1136
40,1137
40,1138
40,1139
40,1140
40,1141
40,1142
40,1143
40,1144
40,1145
40,1146
40,1147
40,1148
40,1149
40,1150
40,1151
40,1152
40,1153
40,1154
40,1155
40,1156
40,1157
40,1158
40,1159
40,1160
40,1161
40,1162
40,1163
40,1164
40,1165
40,1166
40,1167
40,1168
40,1169
40,1170
40,1171
40,1172
40,1173
40,1174
40,1175
40,1176
40,1177
40,1178
41,1001
41,1002
41,1003
41,1004
41,1005
41,1006
41,1007
41,1008
41,1009
41,1010
41,1011
41,1012
41,1013
41,1014
41,1015
41,1016
41,1017
41,1018
41,1019
41,1020
41,1021
41,1022
41,1023
41,1024
41,1025
41,1026
41,1027
41,1028
41,1029
41,1030
41,1031
41,1032
41,1033
41,1034
41,1035
41,1036
41,1037
41,1038
41,1039
41,1040
41,1041
41,1042
41,1043
41,1044
41,1045
41,1046
41,1047
41,1048
41,1049
41,1050
41,1051
41,1052
41,1053
41,1054
41,1055
41,1056
41,1057
41,1058
41,1059
41,1060
41,1061
41,1062
41,1063
41,1064
41,1065
41,1066
41,1067
41,1068
41,1069
41,1070
41,1071
41,1072
41,1073
41,1074
41,1075
41,1076
41,1077
41,1078
41,1079
41,1080
41,1081
41,1082
41,1083
41,1084
41,1085
41,1086
41,1087
41,1088
41,1089
41,1090
41,1091
41,1092
41,1093
41,1094
41,1095
41,1096
41,1097
41,1098
41,1099
41,1100
41,1101
41,1102
41,1103
41,1104
41,1105
41,1106
41,1107
41,1108
41,1109
41,1110
41,1111
41,1112
41,1113
41,1114
41,1115
41,1116
41,1117
41,1118
41,1119
41,1120
41,1121
41,1122
41,1123
41,1124
41,1125
41,1126
41,1127
41,1128
41,1129
41,1130
41,1131
41,1132
41,1133
41,1134
41,1135
41,1136
41,1137
41,1138
41,1139
41,1140
41,1141
41,1142
41,1143
41,1144
41,1145
41,1146
41,1147
41,1148
41,1149
41,1150
41,1151
41,1152
41,1153
41,1154
41,1155
41,1156
41,1157
41,1158
41,1159
41,1160
41,1161
41,1162
41,1163
41,1164
41,1165
41,1166
41,1167
41,1168
41,1169
41,1170
41,1171
41,1172
41,1173
41,1174
41,1175
41,1176
41,1177
41,1178
42,1001
42,1002
42,1003
42,1004
42,1005
42,1006
42,1007
42,1008
42,1009
42,1010
42,1011
42,1012
42,1013
42,1014
42,1015
42,1016
42,1017
42,1018
42,1019
42,1020
42,1021
42,1022
42,1023
42,1024
42,1025
42,1026
42,1027
42,1028
42,1029
42,1030
42,1031
42,1032
42,1033
42,1034
42,1035
42,1036
42,1037
42,1038
42,1039
42,1040
42,1041
42,1042
42,1043
42,1044
42,1045
42,1046
42,1047
42,1048
42,1049
42,1050
42,1051
42,1052
42,1053
42,1054
42,1055
42,1056
42,1057
42,1058
42,1059
42,1060
42,1061
42,1062
42,1063
42,1064
42,1065
42,1066
42,1067
42,1068
42,1069
42,1070
42,1071
42,1072
42,1073
42,1074
42,1075
42,1076
42,1077
42,1078
42,1079
42,1080
42,1081
42,1082
42,1083
42,1084
42,1085
42,1086
42,1087
42,1088
42,1089
42,1090
42,1091
42,1092
42,1093
42,1094
42,1095
42,1096
42,1097
42,1098
42,1099
42,1100
42,1101
42,1102
42,1103
42,1104
42,1105
42,1106
42,1107
42,1108
42,1109
42,1110
42,1111
42,1112
42,1113
42,1114
42,1115
42,1116
42,1117
42,1118
42,1119
42,1120
42,1121
42,1122
42,1123
42,1124
42,1125
42,1126
42,1127
42,1128
42,1129
42,1130
42,1131
42,1132
42,1133
42,1134
42,1135
42,1136
42,1137
42,1138
42,1139
42,1140
42,1141
42,1142
42,1143
42,1144
42,1145
42,1146
42,1147
42,1148
42,1149
42,1150
42,1151
42,1152
42,1153
42,1154
42,1155
42,1156
42,1157
42,1158
42,1159
42,1160
42,1161
42,1162
42,1163
42,1164
42,1165
42,1166
42,1167
42,1168
42,1169
42,1170
42,1171
42,1172
42,1173
42,1174
42,1175
42,1176
42,1177
42,1178
43,1001
43,1002
43,1003
43,1004
43,1005
43,1006
43,1007
43,1008
43,1009
43,1010
43,1011
43,1012
43,1013
43,1014
43,1015
43,1016
43,1017
43,1018
43,1019
43,1020
43,1021
43,1022
43,1023
43,1024
43,1025
43,1026
43,1027
43,1028
43,1029
43,1030
43,1031
43,1032
43,1033
43,1034
43,1035
43,1036
43,1037
43,1038
43,1039
43,1040
43,1041
43,1042
43,1043
43,1044
43,1045
43,1046
43,1047
43,1048
43,1049
43,1050
43,1051
43,1052
43,1053
43,1054
43,1055
43,1056
43,1057
43,1058
43,1059
43,1060
43,1061
43,1062
43,1063
43,1064
43,1065
43,1066
43,1067
43,1068
43,1069
43,1070
43,1071
43,1072
43,1073
43,1074
43,1075
43,1076
43,1077
43,1078
43,1079
43,1080
43,1081
43,1082
43,1083
43,1084
43,1085
43,1086
43,1087
43,1088
43,1089
43,1090
43,1091
43,1092
43,1093
43,1094
43,1095
43,1096
43,1097
43,1098
43,1099
43,1100
43,1101
43,1102
43,1103
43,1104
43,1105
43,1106
43,1107
43,1108
43,1109
43,1110
43,1111
43,1112
43,1113
43,1114
43,1115
43,1116
43,1117
43,1118
43,1119
43,1120
43,1121
43,1122
43,1123
43,1124
43,1125
43,1126
43,1127
43,1128
43,1129
43,1130
43,1131
43,1132
43,1133
43,1134
43,1135
43,1136
43,1137
43,1138
43,1139
43,1140
43,1141
43,1142
43,1143
43,1144
43,1145
43,1146
43,1147
43,1148
43,1149
43,1150
43,1151
43,1152
43,1153
43,1154
43,1155
43,1156
43,1157
43,1158
43,1159
43,1160
43,1161
43,1162
43,1163
43,1164
43,1165
43,1166
43,1167
43,1168
43,1169
43,1170
43,1171
43,1172
43,1173
43,1174
43,1175
43,1176
43,1177
43,1178
44,1001
44,1002
44,1003
44,1004
44,1005
44,1006
44,1007
44,1008
44,1009
44,1010
44,1011
44,1012
44,1013
44,1014
44,1015
44,1016
44,1017
44,1018
44,1019
44,1020
44,1021
44,1022
44,1023
44,1024
44,1025
44,1026
44,1027
44,1028
44,1029
44,1030
44,1031
44,1032
44,1033
44,1034
44,1035
44,1036
44,1037
44,1038
44,1039
44,1040
44,1041
44,1042
44,1043
44,1044
44,1045
44,1046
44,1047
44,1048
44,1049
44,1050
44,1051
44,1052
44,1053
44,1054
44,1055
44,1056
44,1057
44,1058
44,1059
44,1060
44,1061
44,1062
44,1063
44,1064
44,1065
44,1066
44,1067
44,1068
44,1069
44,1070
44,1071
44,1072
44,1073
44,1074
44,1075
44,1076
44,1077
44,1078
44,1079
44,1080
44,1081
44,1082
44,1083
44,1084
44,1085
44,1086
44,1087
44,1088
44,1089
44,1090
44,1091
44,1092
44,1093
44,1094
44,1095
44,1096
44,1097
44,1098
44,1099
44,1100
44,1101
44,1102
44,1103
44,1104
44,1105
44,1106
44,1107
44,1108
44,1109
44,1110
44,1111
44,1112
44,1113
44,1114
44,1115
44,1116
44,1117
44,1118
44,1119
44,1120
44,1121
44,1122
44,1123
44,1124
44,1125
44,1126
44,1127
44,1128
44,1129
44,1130
44,1131
44,1132
44,1133
44,1134
44,1135
44,1136
44,1137
44,1138
44,1139
44,1140
44,1141
44,1142
44,1143
44,1144
44,1145
44,1146
44,1147
44,1148
44,1149
44,1150
44,1151
44,1152
44,1153
44,1154
44,1155
44,1156
44,1157
44,1158
44,1159
44,1160
44,1161
44,1162
44,1163
44,1164
44,1165
44,1166
44,1167
44,1168
44,1169
44,1170
44,1171
44,1172
44,1173
44,1174
44,1175
44,1176
44,1177
44,1178
